/*!40101 SET @OLD_CHARACTER_SET_CLIENT=@@CHARACTER_SET_CLIENT */;
/*!40101 SET @OLD_CHARACTER_SET_RESULTS=@@CHARACTER_SET_RESULTS */;
/*!40101 SET @OLD_COLLATION_CONNECTION=@@COLLATION_CONNECTION */;
/*!40101 SET NAMES utf8mb4 */;
/*!40014 SET @OLD_UNIQUE_CHECKS=@@UNIQUE_CHECKS, UNIQUE_CHECKS=0 */;
/*!40014 SET @OLD_FOREIGN_KEY_CHECKS=@@FOREIGN_KEY_CHECKS, FOREIGN_KEY_CHECKS=0 */;
/*!40101 SET @OLD_SQL_MODE=@@SQL_MODE, SQL_MODE='NO_AUTO_VALUE_ON_ZERO' */;
/*!40111 SET @OLD_SQL_NOTES=@@SQL_NOTES, SQL_NOTES=0 */;

DROP TABLE IF EXISTS `AgeLimits`;
CREATE TABLE `AgeLimits` (
  `ageLimitId` int NOT NULL AUTO_INCREMENT,
  `ageLabel` varchar(50) COLLATE utf8mb4_unicode_ci NOT NULL,
  `description` varchar(255) COLLATE utf8mb4_unicode_ci DEFAULT NULL,
  `createdAt` timestamp NOT NULL DEFAULT CURRENT_TIMESTAMP,
  `updatedAt` timestamp NOT NULL DEFAULT CURRENT_TIMESTAMP ON UPDATE CURRENT_TIMESTAMP,
  `isDeleted` tinyint(1) DEFAULT '0',
  `deletedAt` timestamp NULL DEFAULT NULL,
  PRIMARY KEY (`ageLimitId`)
) ENGINE=InnoDB AUTO_INCREMENT=6 DEFAULT CHARSET=utf8mb4 COLLATE=utf8mb4_unicode_ci;

DROP TABLE IF EXISTS `Bookings`;
CREATE TABLE `Bookings` (
  `bookingId` int NOT NULL AUTO_INCREMENT,
  `userId` int NOT NULL,
  `showtimeId` int NOT NULL,
  `seatId` int NOT NULL,
  `seatPrice` int DEFAULT '0',
  `isBooked` tinyint(1) DEFAULT '0',
  `bookingDateTime` timestamp NULL DEFAULT NULL,
  `paymentStatus` enum('PENDING','PAID','CANCELED') COLLATE utf8mb4_unicode_ci DEFAULT 'PENDING',
  `paymentMethod` enum('ATM_CARD','CREDIT_CARD','DEBIT_CARD','MOMO','ZALOPAY','VNPAY','SHOPEEPAY','APPLEPAY') COLLATE utf8mb4_unicode_ci DEFAULT NULL,
  `transactionId` varchar(100) COLLATE utf8mb4_unicode_ci DEFAULT NULL,
  `paidAt` timestamp NULL DEFAULT NULL,
  PRIMARY KEY (`bookingId`),
  KEY `Tickets_showtimeId_idx` (`showtimeId`),
  KEY `Tickets_seatId_idx` (`seatId`),
  KEY `Tickets_userId_fkey` (`userId`),
  CONSTRAINT `Tickets_seatId_fkey` FOREIGN KEY (`seatId`) REFERENCES `Seats` (`seatId`) ON DELETE CASCADE ON UPDATE CASCADE,
  CONSTRAINT `Tickets_showtimeId_fkey` FOREIGN KEY (`showtimeId`) REFERENCES `Showtimes` (`showtimeId`) ON DELETE CASCADE ON UPDATE CASCADE,
  CONSTRAINT `Tickets_userId_fkey` FOREIGN KEY (`userId`) REFERENCES `Users` (`userId`) ON DELETE CASCADE ON UPDATE CASCADE
) ENGINE=InnoDB AUTO_INCREMENT=31 DEFAULT CHARSET=utf8mb4 COLLATE=utf8mb4_unicode_ci;

DROP TABLE IF EXISTS `CinemaAreas`;
CREATE TABLE `CinemaAreas` (
  `areaId` int NOT NULL AUTO_INCREMENT,
  `areaName` varchar(100) COLLATE utf8mb4_unicode_ci NOT NULL,
  `priceAddition` int NOT NULL DEFAULT '0',
  `createdAt` timestamp NOT NULL DEFAULT CURRENT_TIMESTAMP,
  `updatedAt` timestamp NOT NULL DEFAULT CURRENT_TIMESTAMP ON UPDATE CURRENT_TIMESTAMP,
  `isDeleted` tinyint(1) DEFAULT '0',
  `deletedAt` timestamp NULL DEFAULT NULL,
  PRIMARY KEY (`areaId`),
  KEY `idxClusterName` (`areaName`)
) ENGINE=InnoDB AUTO_INCREMENT=11 DEFAULT CHARSET=utf8mb4 COLLATE=utf8mb4_unicode_ci;

DROP TABLE IF EXISTS `CinemaBrands`;
CREATE TABLE `CinemaBrands` (
  `brandId` int NOT NULL AUTO_INCREMENT,
  `brandName` varchar(100) COLLATE utf8mb4_unicode_ci NOT NULL,
  `logo` varchar(255) COLLATE utf8mb4_unicode_ci DEFAULT NULL,
  `multiplier` decimal(5,2) DEFAULT '1.00',
  `createdAt` timestamp NOT NULL DEFAULT CURRENT_TIMESTAMP,
  `updatedAt` timestamp NOT NULL DEFAULT CURRENT_TIMESTAMP ON UPDATE CURRENT_TIMESTAMP,
  `isDeleted` tinyint(1) DEFAULT '0',
  `deletedAt` timestamp NULL DEFAULT NULL,
  PRIMARY KEY (`brandId`)
) ENGINE=InnoDB AUTO_INCREMENT=11 DEFAULT CHARSET=utf8mb4 COLLATE=utf8mb4_unicode_ci;

DROP TABLE IF EXISTS `Cinemas`;
CREATE TABLE `Cinemas` (
  `cinemaId` int NOT NULL AUTO_INCREMENT,
  `cinemaName` varchar(100) COLLATE utf8mb4_unicode_ci NOT NULL,
  `address` varchar(255) COLLATE utf8mb4_unicode_ci DEFAULT NULL,
  `totalRoom` int DEFAULT '5',
  `brandId` int DEFAULT NULL,
  `areaId` int DEFAULT NULL,
  `createdAt` timestamp NOT NULL DEFAULT CURRENT_TIMESTAMP,
  `updatedAt` timestamp NOT NULL DEFAULT CURRENT_TIMESTAMP ON UPDATE CURRENT_TIMESTAMP,
  `isDeleted` tinyint(1) DEFAULT '0',
  `deletedAt` timestamp NULL DEFAULT NULL,
  PRIMARY KEY (`cinemaId`),
  KEY `Cinemas_areaId_fkey` (`areaId`),
  KEY `Cinemas_brandId_fkey` (`brandId`),
  CONSTRAINT `Cinemas_areaId_fkey` FOREIGN KEY (`areaId`) REFERENCES `CinemaAreas` (`areaId`) ON DELETE CASCADE ON UPDATE CASCADE,
  CONSTRAINT `Cinemas_brandId_fkey` FOREIGN KEY (`brandId`) REFERENCES `CinemaBrands` (`brandId`) ON DELETE CASCADE ON UPDATE CASCADE
) ENGINE=InnoDB AUTO_INCREMENT=12 DEFAULT CHARSET=utf8mb4 COLLATE=utf8mb4_unicode_ci;

DROP TABLE IF EXISTS `MovieFormats`;
CREATE TABLE `MovieFormats` (
  `formatId` int NOT NULL AUTO_INCREMENT,
  `formatName` varchar(100) CHARACTER SET utf8mb4 COLLATE utf8mb4_unicode_ci NOT NULL,
  `createdAt` timestamp NOT NULL DEFAULT CURRENT_TIMESTAMP,
  `updatedAt` timestamp NOT NULL DEFAULT CURRENT_TIMESTAMP ON UPDATE CURRENT_TIMESTAMP,
  `isDeleted` tinyint(1) DEFAULT '0',
  `deletedAt` timestamp NULL DEFAULT NULL,
  PRIMARY KEY (`formatId`)
) ENGINE=InnoDB AUTO_INCREMENT=11 DEFAULT CHARSET=utf8mb4 COLLATE=utf8mb4_unicode_ci;

DROP TABLE IF EXISTS `MovieGenres`;
CREATE TABLE `MovieGenres` (
  `movieGenreId` int NOT NULL AUTO_INCREMENT,
  `movieGenreName` varchar(100) COLLATE utf8mb4_unicode_ci NOT NULL,
  `createdAt` timestamp NOT NULL DEFAULT CURRENT_TIMESTAMP,
  `updatedAt` timestamp NOT NULL DEFAULT CURRENT_TIMESTAMP ON UPDATE CURRENT_TIMESTAMP,
  `isDeleted` tinyint(1) DEFAULT '0',
  `deletedAt` timestamp NULL DEFAULT NULL,
  PRIMARY KEY (`movieGenreId`)
) ENGINE=InnoDB AUTO_INCREMENT=11 DEFAULT CHARSET=utf8mb4 COLLATE=utf8mb4_unicode_ci;

DROP TABLE IF EXISTS `Movies`;
CREATE TABLE `Movies` (
  `movieId` int NOT NULL AUTO_INCREMENT,
  `movieName` varchar(255) CHARACTER SET utf8mb4 COLLATE utf8mb4_unicode_ci NOT NULL,
  `description` text CHARACTER SET utf8mb4 COLLATE utf8mb4_unicode_ci,
  `poster` varchar(255) CHARACTER SET utf8mb4 COLLATE utf8mb4_unicode_ci DEFAULT NULL,
  `trailer` varchar(255) CHARACTER SET utf8mb4 COLLATE utf8mb4_unicode_ci DEFAULT NULL,
  `startDate` date DEFAULT NULL,
  `endDate` date DEFAULT NULL,
  `basePrice` int DEFAULT NULL,
  `rating` float NOT NULL DEFAULT '0',
  `isComing` tinyint(1) DEFAULT '0',
  `isShowing` tinyint(1) DEFAULT '0',
  `isHot` tinyint(1) DEFAULT '0',
  `movieGenreId` int DEFAULT NULL,
  `ageLimitId` int DEFAULT NULL,
  `createdAt` timestamp NOT NULL DEFAULT CURRENT_TIMESTAMP,
  `updatedAt` timestamp NOT NULL DEFAULT CURRENT_TIMESTAMP ON UPDATE CURRENT_TIMESTAMP,
  `isDeleted` tinyint(1) DEFAULT '0',
  `deletedAt` timestamp NULL DEFAULT NULL,
  PRIMARY KEY (`movieId`),
  KEY `fk_movies_genre` (`movieGenreId`),
  KEY `fk_movies_agelimit` (`ageLimitId`),
  CONSTRAINT `Movies_ageLimitId_fkey` FOREIGN KEY (`ageLimitId`) REFERENCES `AgeLimits` (`ageLimitId`) ON DELETE SET NULL ON UPDATE CASCADE,
  CONSTRAINT `Movies_movieGenreId_fkey` FOREIGN KEY (`movieGenreId`) REFERENCES `MovieGenres` (`movieGenreId`) ON DELETE SET NULL ON UPDATE CASCADE
) ENGINE=InnoDB AUTO_INCREMENT=11 DEFAULT CHARSET=utf8mb4 COLLATE=utf8mb4_unicode_ci;

DROP TABLE IF EXISTS `Permissions`;
CREATE TABLE `Permissions` (
  `permissionId` int NOT NULL AUTO_INCREMENT,
  `name` varchar(255) COLLATE utf8mb4_unicode_ci NOT NULL,
  `endpoint` varchar(255) COLLATE utf8mb4_unicode_ci NOT NULL,
  `method` varchar(100) COLLATE utf8mb4_unicode_ci NOT NULL,
  `module` varchar(100) COLLATE utf8mb4_unicode_ci NOT NULL,
  `isDeleted` tinyint(1) DEFAULT '0',
  `deletedAt` timestamp NULL DEFAULT NULL,
  `createdAt` timestamp NOT NULL DEFAULT CURRENT_TIMESTAMP,
  `updatedAt` timestamp NOT NULL DEFAULT CURRENT_TIMESTAMP ON UPDATE CURRENT_TIMESTAMP,
  PRIMARY KEY (`permissionId`)
) ENGINE=InnoDB AUTO_INCREMENT=116 DEFAULT CHARSET=utf8mb4 COLLATE=utf8mb4_unicode_ci;

DROP TABLE IF EXISTS `RolePermission`;
CREATE TABLE `RolePermission` (
  `id` int NOT NULL AUTO_INCREMENT,
  `roleId` int NOT NULL,
  `permissionId` int NOT NULL,
  `isActive` tinyint(1) DEFAULT '1',
  `isDeleted` tinyint(1) DEFAULT '0',
  `deletedAt` timestamp NULL DEFAULT NULL,
  `createdAt` timestamp NOT NULL DEFAULT CURRENT_TIMESTAMP,
  `updatedAt` timestamp NOT NULL DEFAULT CURRENT_TIMESTAMP ON UPDATE CURRENT_TIMESTAMP,
  PRIMARY KEY (`id`),
  KEY `permissionId` (`permissionId`),
  KEY `roleId` (`roleId`),
  CONSTRAINT `RolePermission_ibfk_1` FOREIGN KEY (`roleId`) REFERENCES `Roles` (`roleId`) ON DELETE CASCADE ON UPDATE CASCADE,
  CONSTRAINT `RolePermission_ibfk_2` FOREIGN KEY (`permissionId`) REFERENCES `Permissions` (`permissionId`) ON DELETE CASCADE ON UPDATE CASCADE
) ENGINE=InnoDB AUTO_INCREMENT=179 DEFAULT CHARSET=utf8mb4 COLLATE=utf8mb4_unicode_ci;

DROP TABLE IF EXISTS `Roles`;
CREATE TABLE `Roles` (
  `roleId` int NOT NULL AUTO_INCREMENT,
  `roleName` varchar(255) COLLATE utf8mb4_unicode_ci NOT NULL,
  `description` varchar(255) COLLATE utf8mb4_unicode_ci DEFAULT NULL,
  `isActive` tinyint(1) DEFAULT '1',
  `isDeleted` tinyint(1) DEFAULT '0',
  `deletedAt` timestamp NULL DEFAULT NULL,
  `createdAt` timestamp NOT NULL DEFAULT CURRENT_TIMESTAMP,
  `updatedAt` timestamp NOT NULL DEFAULT CURRENT_TIMESTAMP ON UPDATE CURRENT_TIMESTAMP,
  PRIMARY KEY (`roleId`)
) ENGINE=InnoDB AUTO_INCREMENT=6 DEFAULT CHARSET=utf8mb4 COLLATE=utf8mb4_unicode_ci;

DROP TABLE IF EXISTS `Rooms`;
CREATE TABLE `Rooms` (
  `roomId` int NOT NULL AUTO_INCREMENT,
  `roomName` varchar(100) COLLATE utf8mb4_unicode_ci NOT NULL,
  `totalSeat` int DEFAULT '100',
  `screenId` int DEFAULT NULL,
  `soundId` int DEFAULT NULL,
  `createdAt` timestamp NOT NULL DEFAULT CURRENT_TIMESTAMP,
  `updatedAt` timestamp NOT NULL DEFAULT CURRENT_TIMESTAMP ON UPDATE CURRENT_TIMESTAMP,
  `isDeleted` tinyint(1) DEFAULT '0',
  `deletedAt` timestamp NULL DEFAULT NULL,
  PRIMARY KEY (`roomId`),
  KEY `Rooms_roomTypeId_idx` (`screenId`),
  KEY `Rooms_soundId_fkey` (`soundId`),
  CONSTRAINT `Rooms_roomTypeId_fkey` FOREIGN KEY (`screenId`) REFERENCES `ScreenTechs` (`screenId`) ON DELETE CASCADE ON UPDATE CASCADE,
  CONSTRAINT `Rooms_soundId_fkey` FOREIGN KEY (`soundId`) REFERENCES `SoundSystems` (`soundId`) ON DELETE CASCADE ON UPDATE CASCADE
) ENGINE=InnoDB AUTO_INCREMENT=11 DEFAULT CHARSET=utf8mb4 COLLATE=utf8mb4_unicode_ci;

DROP TABLE IF EXISTS `ScreenTechs`;
CREATE TABLE `ScreenTechs` (
  `screenId` int NOT NULL AUTO_INCREMENT,
  `screenName` varchar(100) COLLATE utf8mb4_unicode_ci NOT NULL,
  `description` text COLLATE utf8mb4_unicode_ci,
  `multiplier` decimal(5,2) DEFAULT '1.00',
  `createdAt` timestamp NOT NULL DEFAULT CURRENT_TIMESTAMP,
  `updatedAt` timestamp NOT NULL DEFAULT CURRENT_TIMESTAMP ON UPDATE CURRENT_TIMESTAMP,
  `isDeleted` tinyint(1) DEFAULT '0',
  `deletedAt` timestamp NULL DEFAULT NULL,
  PRIMARY KEY (`screenId`)
) ENGINE=InnoDB AUTO_INCREMENT=11 DEFAULT CHARSET=utf8mb4 COLLATE=utf8mb4_unicode_ci;

DROP TABLE IF EXISTS `Seats`;
CREATE TABLE `Seats` (
  `seatId` int NOT NULL AUTO_INCREMENT,
  `seatName` varchar(50) COLLATE utf8mb4_unicode_ci DEFAULT NULL,
  `rowLabel` varchar(5) COLLATE utf8mb4_unicode_ci DEFAULT NULL,
  `columnIndex` int DEFAULT NULL,
  `seatTypeId` int DEFAULT NULL,
  `createdAt` timestamp NOT NULL DEFAULT CURRENT_TIMESTAMP,
  `updatedAt` timestamp NOT NULL DEFAULT CURRENT_TIMESTAMP ON UPDATE CURRENT_TIMESTAMP,
  `isDeleted` tinyint(1) DEFAULT '0',
  `deletedAt` timestamp NULL DEFAULT NULL,
  PRIMARY KEY (`seatId`),
  KEY `fk_seats_type` (`seatTypeId`),
  CONSTRAINT `Seats_seatTypeId_fkey` FOREIGN KEY (`seatTypeId`) REFERENCES `SeatTypes` (`seatTypeId`) ON DELETE CASCADE ON UPDATE CASCADE
) ENGINE=InnoDB AUTO_INCREMENT=26 DEFAULT CHARSET=utf8mb4 COLLATE=utf8mb4_unicode_ci;

DROP TABLE IF EXISTS `SeatTypes`;
CREATE TABLE `SeatTypes` (
  `seatTypeId` int NOT NULL AUTO_INCREMENT,
  `seatTypeName` varchar(100) COLLATE utf8mb4_unicode_ci NOT NULL,
  `multiplier` decimal(5,2) DEFAULT '1.00',
  `createdAt` timestamp NOT NULL DEFAULT CURRENT_TIMESTAMP,
  `updatedAt` timestamp NOT NULL DEFAULT CURRENT_TIMESTAMP ON UPDATE CURRENT_TIMESTAMP,
  `isDeleted` tinyint(1) DEFAULT '0',
  `deletedAt` timestamp NULL DEFAULT NULL,
  PRIMARY KEY (`seatTypeId`),
  KEY `idx_SeatTypes_multiplier` (`multiplier`)
) ENGINE=InnoDB AUTO_INCREMENT=7 DEFAULT CHARSET=utf8mb4 COLLATE=utf8mb4_unicode_ci;

DROP TABLE IF EXISTS `Showtimes`;
CREATE TABLE `Showtimes` (
  `showtimeId` int NOT NULL AUTO_INCREMENT,
  `movieId` int DEFAULT NULL,
  `formatId` int DEFAULT NULL,
  `cinemaId` int DEFAULT NULL,
  `roomId` int DEFAULT NULL,
  `basePrice` int NOT NULL DEFAULT '0',
  `showDate` date DEFAULT NULL,
  `showTimeStart` varchar(10) COLLATE utf8mb4_unicode_ci NOT NULL DEFAULT '00:00',
  `showTimeEnd` varchar(10) COLLATE utf8mb4_unicode_ci NOT NULL DEFAULT '00:00',
  `durationMinutes` int DEFAULT '0',
  `createdAt` timestamp NOT NULL DEFAULT CURRENT_TIMESTAMP,
  `updatedAt` timestamp NOT NULL DEFAULT CURRENT_TIMESTAMP ON UPDATE CURRENT_TIMESTAMP,
  `isDeleted` tinyint(1) DEFAULT '0',
  `deletedAt` timestamp NULL DEFAULT NULL,
  PRIMARY KEY (`showtimeId`),
  KEY `movieId` (`movieId`),
  KEY `roomId` (`roomId`),
  KEY `idx_Showtimes_cinemaId` (`cinemaId`),
  KEY `idx_Showtimes_basePrice` (`basePrice`),
  KEY `Showtimes_formatId_fkey` (`formatId`),
  CONSTRAINT `Showtimes_cinemaId_fkey` FOREIGN KEY (`cinemaId`) REFERENCES `Cinemas` (`cinemaId`) ON DELETE CASCADE ON UPDATE CASCADE,
  CONSTRAINT `Showtimes_formatId_fkey` FOREIGN KEY (`formatId`) REFERENCES `MovieFormats` (`formatId`) ON DELETE SET NULL ON UPDATE CASCADE,
  CONSTRAINT `Showtimes_ibfk_1` FOREIGN KEY (`movieId`) REFERENCES `Movies` (`movieId`) ON DELETE CASCADE ON UPDATE CASCADE,
  CONSTRAINT `Showtimes_ibfk_2` FOREIGN KEY (`roomId`) REFERENCES `Rooms` (`roomId`) ON DELETE CASCADE ON UPDATE CASCADE
) ENGINE=InnoDB AUTO_INCREMENT=12 DEFAULT CHARSET=utf8mb4 COLLATE=utf8mb4_unicode_ci;

DROP TABLE IF EXISTS `SoundSystems`;
CREATE TABLE `SoundSystems` (
  `soundId` int NOT NULL AUTO_INCREMENT,
  `soundName` varchar(100) COLLATE utf8mb4_unicode_ci NOT NULL,
  `description` text COLLATE utf8mb4_unicode_ci,
  `multiplier` decimal(5,2) DEFAULT '1.00',
  `createdAt` timestamp NOT NULL DEFAULT CURRENT_TIMESTAMP,
  `updatedAt` timestamp NOT NULL DEFAULT CURRENT_TIMESTAMP ON UPDATE CURRENT_TIMESTAMP,
  `isDeleted` tinyint(1) DEFAULT '0',
  `deletedAt` timestamp NULL DEFAULT NULL,
  PRIMARY KEY (`soundId`)
) ENGINE=InnoDB AUTO_INCREMENT=10 DEFAULT CHARSET=utf8mb4 COLLATE=utf8mb4_unicode_ci;

DROP TABLE IF EXISTS `UserRatings`;
CREATE TABLE `UserRatings` (
  `ratingId` int NOT NULL AUTO_INCREMENT,
  `userId` int NOT NULL,
  `movieId` int NOT NULL,
  `rating` int NOT NULL,
  `comment` text CHARACTER SET utf8mb4 COLLATE utf8mb4_unicode_ci,
  `createdAt` timestamp NOT NULL DEFAULT CURRENT_TIMESTAMP,
  `updatedAt` timestamp NOT NULL DEFAULT CURRENT_TIMESTAMP ON UPDATE CURRENT_TIMESTAMP,
  PRIMARY KEY (`ratingId`),
  KEY `fk_userRatings_userId` (`userId`),
  KEY `fk_userRatings_movieId` (`movieId`),
  CONSTRAINT `UserRatings_movieId_fkey` FOREIGN KEY (`movieId`) REFERENCES `Movies` (`movieId`) ON DELETE CASCADE ON UPDATE CASCADE,
  CONSTRAINT `UserRatings_userId_fkey` FOREIGN KEY (`userId`) REFERENCES `Users` (`userId`) ON DELETE CASCADE ON UPDATE CASCADE,
  CONSTRAINT `UserRatings_chk_1` CHECK ((`rating` between 1 and 10))
) ENGINE=InnoDB AUTO_INCREMENT=8 DEFAULT CHARSET=utf8mb4 COLLATE=utf8mb4_unicode_ci;

DROP TABLE IF EXISTS `Users`;
CREATE TABLE `Users` (
  `userId` int NOT NULL AUTO_INCREMENT,
  `fullName` varchar(100) COLLATE utf8mb4_unicode_ci NOT NULL,
  `email` varchar(100) COLLATE utf8mb4_unicode_ci NOT NULL,
  `phoneNumber` varchar(20) COLLATE utf8mb4_unicode_ci DEFAULT NULL,
  `password` varchar(255) COLLATE utf8mb4_unicode_ci NOT NULL,
  `avatar` varchar(255) COLLATE utf8mb4_unicode_ci DEFAULT NULL,
  `googleId` varchar(255) COLLATE utf8mb4_unicode_ci DEFAULT NULL,
  `roleId` int DEFAULT '2',
  `createdAt` timestamp NOT NULL DEFAULT CURRENT_TIMESTAMP,
  `updatedAt` timestamp NOT NULL DEFAULT CURRENT_TIMESTAMP ON UPDATE CURRENT_TIMESTAMP,
  `isDeleted` tinyint(1) DEFAULT '0',
  `deletedAt` timestamp NULL DEFAULT NULL,
  PRIMARY KEY (`userId`),
  UNIQUE KEY `email` (`email`),
  UNIQUE KEY `googleId` (`googleId`),
  KEY `idxUserEmail` (`email`),
  KEY `roleId` (`roleId`),
  CONSTRAINT `Users_ibfk_1` FOREIGN KEY (`roleId`) REFERENCES `Roles` (`roleId`) ON DELETE SET NULL ON UPDATE CASCADE
) ENGINE=InnoDB AUTO_INCREMENT=13 DEFAULT CHARSET=utf8mb4 COLLATE=utf8mb4_unicode_ci;

INSERT INTO `AgeLimits` (`ageLimitId`, `ageLabel`, `description`, `createdAt`, `updatedAt`, `isDeleted`, `deletedAt`) VALUES
(1, 'P', 'Phim phổ biến cho mọi đối tượng, mọi độ tuổi đều được xem.', '2025-11-10 19:46:26', '2025-11-10 19:46:26', 0, NULL),
(2, 'K', 'Phim dành cho trẻ em, khuyến khích phụ huynh hoặc người giám hộ đi cùng.', '2025-11-10 19:46:26', '2025-11-10 19:46:26', 0, NULL),
(3, 'C13', 'Phim cấm khán giả dưới 13 tuổi.', '2025-11-10 19:46:26', '2025-11-10 19:46:26', 0, NULL),
(4, 'C16', 'Phim cấm khán giả dưới 16 tuổi.', '2025-11-10 19:46:26', '2025-11-10 19:46:26', 0, NULL),
(5, 'C18', 'Phim cấm khán giả dưới 18 tuổi, chỉ dành cho người trưởng thành.', '2025-11-10 19:46:26', '2025-11-10 19:46:26', 0, NULL);
INSERT INTO `Bookings` (`bookingId`, `userId`, `showtimeId`, `seatId`, `seatPrice`, `isBooked`, `bookingDateTime`, `paymentStatus`, `paymentMethod`, `transactionId`, `paidAt`) VALUES
(1, 2, 1, 1, 120000, 0, NULL, 'PAID', NULL, NULL, NULL),
(2, 2, 2, 2, 90000, 0, NULL, 'PAID', NULL, NULL, NULL),
(3, 2, 2, 1, 100000, 0, NULL, 'CANCELED', NULL, NULL, NULL),
(4, 3, 2, 3, 8000000, 1, NULL, 'CANCELED', NULL, NULL, NULL),
(6, 4, 5, 4, 195500, 0, NULL, 'CANCELED', NULL, NULL, NULL),
(7, 4, 5, 2, 170000, 0, NULL, 'CANCELED', NULL, NULL, NULL),
(8, 4, 5, 3, 170000, 0, NULL, 'PENDING', NULL, NULL, NULL),
(9, 4, 5, 1, 170000, 1, '2025-11-08 20:23:54', 'PAID', 'MOMO', 'PAY_20251108_ABC123', '2025-11-08 20:24:19'),
(10, 4, 5, 2, 170000, 1, '2025-11-08 20:27:47', 'PAID', 'MOMO', 'PAY_20251108_ABC123', '2025-11-08 20:32:08'),
(11, 4, 5, 3, 170000, 0, NULL, 'CANCELED', 'MOMO', 'PAY_20251108_ABC123543', NULL),
(12, 4, 5, 4, 195500, 1, NULL, 'PAID', 'VNPAY', 'PAY_20251108_ABC123', '2025-11-09 05:14:47'),
(13, 4, 5, 4, 195500, 1, '2025-11-08 21:03:32', 'PAID', 'MOMO', 'PAY_20251108_ABC123543', '2025-11-08 21:05:23'),
(14, 9, 7, 1, 245000, 0, NULL, 'CANCELED', NULL, NULL, NULL),
(15, 9, 8, 1, 165000, 0, NULL, 'CANCELED', NULL, NULL, NULL),
(16, 9, 8, 1, 165000, 1, '2025-11-10 06:49:39', 'PAID', 'VNPAY', 'PAY_20251108_ABC123345235', '2025-11-10 06:55:05'),
(17, 9, 7, 2, 245000, 1, '2025-11-10 06:56:19', 'CANCELED', 'MOMO', 'MOMO_20251108_ABC123334234', NULL),
(18, 4, 1, 6, 180000, 1, '2025-11-10 22:24:08', 'PAID', 'MOMO', 'PAY_20251108_ABC123', '2025-11-10 22:30:56'),
(19, 4, 2, 1, 95000, 1, '2025-11-10 23:03:22', 'PAID', 'MOMO', 'PAY_20251108_ABC123', '2025-11-10 23:04:11'),
(20, 9, 1, 5, 180000, 1, '2025-11-10 23:39:24', 'PAID', 'ATM_CARD', 'PAY_20251108_ABC123', '2025-11-10 23:39:57'),
(21, 9, 2, 5, 95000, 0, NULL, 'CANCELED', NULL, NULL, NULL),
(22, 9, 2, 5, 95000, 1, '2025-11-10 23:43:25', 'PAID', 'SHOPEEPAY', 'PAY_20251108_ABC123', '2025-11-10 23:43:48'),
(23, 5, 1, 2, 180000, 1, '2025-11-10 23:48:20', 'PAID', 'CREDIT_CARD', 'PAY_20251108_ABC123', '2025-11-10 23:48:39'),
(24, 4, 9, 6, 110000, 0, NULL, 'CANCELED', NULL, NULL, NULL),
(25, 4, 6, 7, 210000, 0, NULL, 'CANCELED', NULL, NULL, NULL),
(26, 4, 6, 7, 210000, 0, NULL, 'CANCELED', NULL, NULL, NULL),
(27, 4, 6, 7, 210000, 1, '2025-11-11 17:51:29', 'PAID', 'ATM_CARD', 'PAY_20251108_ABC12376863', '2025-11-11 17:54:37'),
(28, 4, 5, 8, 108000, 1, '2025-11-11 17:55:08', 'CANCELED', 'SHOPEEPAY', 'PAY_20251108_ABC12377686875', NULL),
(29, 4, 6, 8, 210000, 1, '2025-11-11 17:58:12', 'PAID', 'ZALOPAY', 'PAY_20251108_ABC12377686875', '2025-11-11 17:58:29'),
(30, 1, 6, 9, 175000, 1, '2025-11-11 17:59:54', 'PAID', 'ZALOPAY', 'PAY_20251108_ABC12377686875', '2025-11-11 18:00:07');
INSERT INTO `CinemaAreas` (`areaId`, `areaName`, `priceAddition`, `createdAt`, `updatedAt`, `isDeleted`, `deletedAt`) VALUES
(1, 'Hồ Chí Minh', 20000, '2025-11-10 19:30:27', '2025-11-10 19:30:27', 0, NULL),
(2, 'Hà Nội', 15000, '2025-11-10 19:30:27', '2025-11-10 19:30:27', 0, NULL),
(3, 'Đà Nẵng', 10000, '2025-11-10 19:30:27', '2025-11-10 19:30:27', 0, NULL),
(4, 'Cần Thơ', 8000, '2025-11-10 19:30:27', '2025-11-10 19:30:27', 0, NULL),
(5, 'Hải Phòng', 7000, '2025-11-10 19:30:27', '2025-11-10 19:30:27', 0, NULL),
(6, 'Bình Dương', 5000, '2025-11-10 19:30:27', '2025-11-10 19:30:27', 0, NULL),
(7, 'Đồng Nai', 5000, '2025-11-10 19:30:27', '2025-11-10 19:30:27', 0, NULL),
(8, 'Huế', 4000, '2025-11-10 19:30:27', '2025-11-10 19:30:27', 0, NULL),
(9, 'Nha Trang', 6000, '2025-11-10 19:30:27', '2025-11-10 19:30:27', 0, NULL),
(10, 'Vũng Tàu', 7000, '2025-11-10 19:30:27', '2025-11-10 19:30:27', 0, NULL);
INSERT INTO `CinemaBrands` (`brandId`, `brandName`, `logo`, `multiplier`, `createdAt`, `updatedAt`, `isDeleted`, `deletedAt`) VALUES
(1, 'CGV Cinemas', 'https://logos-world.net/wp-content/uploads/2021/08/CGV-Logo.png', '1.25', '2025-11-10 19:37:54', '2025-11-10 19:37:54', 0, NULL),
(2, 'Lotte Cinema', 'https://upload.wikimedia.org/wikipedia/commons/4/42/Lotte_Cinema_logo.png', '1.15', '2025-11-10 19:37:54', '2025-11-10 19:37:54', 0, NULL),
(3, 'BHD Star Cineplex', 'https://upload.wikimedia.org/wikipedia/commons/d/d5/BHD_Star_Cineplex_logo.png', '1.10', '2025-11-10 19:37:54', '2025-11-10 19:37:54', 0, NULL),
(4, 'Galaxy Cinema', 'https://galaxycine.vn/media/2020/11/26/galaxy-logo_1606363338305.png', '1.00', '2025-11-10 19:37:54', '2025-11-10 19:37:54', 0, NULL),
(5, 'Beta Cinemas', 'https://upload.wikimedia.org/wikipedia/commons/d/d8/Beta_Cinemas_logo.png', '0.95', '2025-11-10 19:37:54', '2025-11-10 19:37:54', 0, NULL),
(6, 'Cinestar', 'https://upload.wikimedia.org/wikipedia/commons/1/13/Cinestar_logo.png', '0.90', '2025-11-10 19:37:54', '2025-11-10 19:37:54', 0, NULL),
(7, 'Mega GS', 'https://upload.wikimedia.org/wikipedia/commons/a/a2/Mega_GS_logo.png', '1.00', '2025-11-10 19:37:54', '2025-11-10 19:37:54', 0, NULL),
(8, 'Starlight', 'https://upload.wikimedia.org/wikipedia/commons/8/8a/Starlight_Cinema_logo.png', '0.85', '2025-11-10 19:37:54', '2025-11-10 19:37:54', 0, NULL),
(9, 'Dcine', 'https://upload.wikimedia.org/wikipedia/commons/3/3b/Dcine_logo.png', '1.05', '2025-11-10 19:37:54', '2025-11-10 19:37:54', 0, NULL);
INSERT INTO `Cinemas` (`cinemaId`, `cinemaName`, `address`, `totalRoom`, `brandId`, `areaId`, `createdAt`, `updatedAt`, `isDeleted`, `deletedAt`) VALUES
(1, 'CGV Aeon Tân Phú', '30 Bờ Bao Tân Thắng, Quận Tân Phú, TP.HCM', 10, 1, 1, '2025-11-10 19:31:20', '2025-11-10 19:31:20', 0, NULL),
(2, 'CGV Vincom Đồng Khởi', '70 Lê Thánh Tôn, Quận 1, TP.HCM', 8, 1, 1, '2025-11-10 19:31:20', '2025-11-10 19:31:20', 0, NULL),
(3, 'Lotte Gò Vấp', '242 Nguyễn Văn Lượng, Gò Vấp, TP.HCM', 7, 2, 1, '2025-11-10 19:31:20', '2025-11-10 19:31:20', 0, NULL),
(4, 'BHD Bitexco', '2 Hải Triều, Quận 1, TP.HCM', 6, 3, 1, '2025-11-10 19:31:20', '2025-11-10 19:31:20', 0, NULL),
(5, 'Galaxy Nguyễn Du', '116 Nguyễn Du, Quận 1, TP.HCM', 7, 4, 1, '2025-11-10 19:31:20', '2025-11-10 19:31:20', 0, NULL),
(6, 'Beta Mỹ Đình', 'Tầng 3, The Garden, Mễ Trì, Hà Nội', 6, 5, 2, '2025-11-10 19:31:20', '2025-11-10 19:31:20', 0, NULL),
(7, 'CGV Vincom Bà Triệu', '191 Bà Triệu, Hai Bà Trưng, Hà Nội', 10, 1, 2, '2025-11-10 19:31:20', '2025-11-10 19:31:20', 0, NULL),
(8, 'Lotte Đà Nẵng', 'Tầng 4 Lotte Mart, Cẩm Lệ, Đà Nẵng', 6, 2, 3, '2025-11-10 19:31:20', '2025-11-10 19:31:20', 0, NULL),
(9, 'Cinestar Huế', '25 Hai Bà Trưng, TP. Huế', 5, 6, 8, '2025-11-10 19:31:20', '2025-11-10 19:31:20', 0, NULL),
(10, 'Mega GS Cần Thơ', 'Tầng 3 Vincom Xuân Khánh, Cần Thơ', 6, 7, 4, '2025-11-10 19:31:20', '2025-11-10 19:31:20', 0, NULL);
INSERT INTO `MovieFormats` (`formatId`, `formatName`, `createdAt`, `updatedAt`, `isDeleted`, `deletedAt`) VALUES
(1, '2D Phụ đề', '2025-11-10 19:43:49', '2025-11-10 19:43:49', 0, NULL),
(2, '2D Lồng tiếng', '2025-11-10 19:43:49', '2025-11-10 19:43:49', 0, NULL),
(3, '3D Phụ đề', '2025-11-10 19:43:49', '2025-11-10 19:43:49', 0, NULL),
(4, '3D Lồng tiếng', '2025-11-10 19:43:49', '2025-11-10 19:43:49', 0, NULL),
(5, 'IMAX 2D Phụ đề', '2025-11-10 19:43:49', '2025-11-10 19:43:49', 0, NULL),
(6, 'IMAX 3D Lồng tiếng', '2025-11-10 19:43:49', '2025-11-10 19:43:49', 0, NULL),
(7, '4DX Phụ đề', '2025-11-10 19:43:49', '2025-11-10 19:43:49', 0, NULL),
(8, '4DX Lồng tiếng', '2025-11-10 19:43:49', '2025-11-10 19:43:49', 0, NULL),
(9, 'ScreenX Phụ đề', '2025-11-10 19:43:49', '2025-11-10 19:43:49', 0, NULL),
(10, 'ScreenX Lồng tiếng', '2025-11-10 19:43:49', '2025-11-10 19:43:49', 0, NULL);
INSERT INTO `MovieGenres` (`movieGenreId`, `movieGenreName`, `createdAt`, `updatedAt`, `isDeleted`, `deletedAt`) VALUES
(1, 'Hành động', '2025-11-10 19:44:07', '2025-11-10 19:44:07', 0, NULL),
(2, 'Phiêu lưu', '2025-11-10 19:44:07', '2025-11-10 19:44:07', 0, NULL),
(3, 'Hoạt hình', '2025-11-10 19:44:07', '2025-11-10 19:44:07', 0, NULL),
(4, 'Hài', '2025-11-10 19:44:07', '2025-11-10 19:44:07', 0, NULL),
(5, 'Tâm lý', '2025-11-10 19:44:07', '2025-11-10 19:44:07', 0, NULL),
(6, 'Kinh dị', '2025-11-10 19:44:07', '2025-11-10 19:44:07', 0, NULL),
(7, 'Tình cảm', '2025-11-10 19:44:07', '2025-11-10 19:44:07', 0, NULL),
(8, 'Khoa học viễn tưởng', '2025-11-10 19:44:07', '2025-11-10 19:44:07', 0, NULL),
(9, 'Hình sự - Giật gân', '2025-11-10 19:44:07', '2025-11-10 19:44:07', 0, NULL),
(10, 'Giả tưởng', '2025-11-10 19:44:07', '2025-11-10 19:44:07', 0, NULL);
INSERT INTO `Movies` (`movieId`, `movieName`, `description`, `poster`, `trailer`, `startDate`, `endDate`, `basePrice`, `rating`, `isComing`, `isShowing`, `isHot`, `movieGenreId`, `ageLimitId`, `createdAt`, `updatedAt`, `isDeleted`, `deletedAt`) VALUES
(1, 'Avatar: The Way of Water', 'Jake Sully sống cùng gia đình trên Pandora, đối mặt với mối đe dọa mới từ con người.', 'https://image.tmdb.org/t/p/w500/t6HIqrRAclMCA60NsSmeqe9RmNV.jpg', 'https://www.youtube.com/watch?v=d9MyW72ELq0', '2025-11-10', '2025-12-30', 120000, 9, 0, 1, 1, 2, 3, '2025-11-10 19:47:58', '2025-11-11 00:12:29', 0, NULL),
(2, 'Inside Out 2', 'Riley trải qua tuổi dậy thì với những cảm xúc mới đầy hỗn loạn.', 'https://image.tmdb.org/t/p/w500/vpnVM9B6NMmQpWeZvzLvDESb2QY.jpg', 'https://www.youtube.com/watch?v=LEjhY15eCx0', '2025-06-14', '2025-09-01', 100000, 8.5, 0, 1, 1, 3, 1, '2025-11-10 19:47:58', '2025-11-10 23:44:15', 0, NULL),
(3, 'Dune: Part Two', 'Paul Atreides liên minh với Fremen để trả thù và thay đổi số phận của Arrakis.', 'https://image.tmdb.org/t/p/w500/8bcoRX3hQRHufLPSDREdvr3YMXx.jpg', 'https://www.youtube.com/watch?v=Way9Dexny3w', '2024-11-01', '2025-02-15', 130000, 0, 0, 1, 1, 2, 4, '2025-11-10 19:47:58', '2025-11-10 22:54:42', 0, NULL),
(4, 'Deadpool & Wolverine', 'Deadpool hợp tác với Wolverine trong chuyến phiêu lưu đa vũ trụ đầy hỗn loạn.', 'https://image.tmdb.org/t/p/w500/aosm8NMQ3UyoBVpSxyimorCQykC.jpg', 'https://www.youtube.com/watch?v=73_1biulkYk', '2025-07-10', '2025-09-30', 120000, 0, 1, 0, 1, 1, 4, '2025-11-10 19:47:58', '2025-11-10 22:54:42', 0, NULL),
(5, 'The Marvels', 'Carol Danvers, Kamala Khan và Monica Rambeau hợp lực cứu vũ trụ khỏi hiểm họa không gian.', 'https://image.tmdb.org/t/p/w500/3GrRgt6CiLIUXUtoktcv1g2iwT5.jpg', 'https://www.youtube.com/watch?v=wS_qbDztgVY', '2024-10-15', '2025-01-15', 110000, 0, 0, 1, 0, 2, 2, '2025-11-10 19:47:58', '2025-11-10 22:54:42', 0, NULL),
(6, 'The Conjuring: Last Rites', 'Cặp vợ chồng Warren đối mặt với một thế lực tà ác mới.', 'https://image.tmdb.org/t/p/w500/hLudzvGfpi6JlwUnsNhXwKKg4j.jpg', 'https://www.youtube.com/watch?v=k10ETZ41q5o', '2025-08-01', '2025-10-31', 90000, 0, 1, 0, 1, 6, 5, '2025-11-10 19:47:58', '2025-11-10 22:54:42', 0, NULL),
(7, 'Spider-Man: Beyond the Spider-Verse', 'Miles Morales bước vào thế giới đa vũ trụ để cứu bạn bè và bản thân.', 'https://image.tmdb.org/t/p/w500/8Vt6mWEReuy4Of61Lnj5Xj704m8.jpg', 'https://www.youtube.com/watch?v=shW9i6k8cB0', '2025-03-10', '2025-06-01', 110000, 7, 0, 1, 1, 8, 2, '2025-11-10 19:47:58', '2025-11-11 18:00:40', 0, NULL),
(8, 'Oppenheimer', 'Câu chuyện về J. Robert Oppenheimer và sự ra đời của bom nguyên tử.', 'https://image.tmdb.org/t/p/w500/bafRj2HRX0Y0gZq6mPddHXG8VyA.jpg', 'https://www.youtube.com/watch?v=uYPbbksJxIg', '2024-07-21', '2024-10-15', 120000, 0, 0, 0, 1, 5, 4, '2025-11-10 19:47:58', '2025-11-10 22:54:42', 0, NULL),
(9, 'Frozen II', 'Elsa và Anna bước vào hành trình khám phá nguồn gốc phép thuật của Elsa.', 'https://image.tmdb.org/t/p/w500/pjeMs3yqRmFL3giJy4PMXWZTTPa.jpg', 'https://www.youtube.com/watch?v=bwzLiQZDw2I', '2024-12-01', '2025-03-15', 90000, 0, 0, 1, 0, 3, 1, '2025-11-10 19:47:58', '2025-11-10 22:54:42', 0, NULL),
(10, 'Fast X', 'Dom Toretto đối đầu kẻ thù mới trong cuộc chiến tốc độ toàn cầu.', 'https://image.tmdb.org/t/p/w500/fiVW06jE7z9YnO4trhaMEdclSiC.jpg', 'https://www.youtube.com/watch?v=32RAq6JzY-w', '2024-09-10', '2024-12-30', 100000, 0, 0, 1, 0, 1, 3, '2025-11-10 19:47:58', '2025-11-10 22:54:42', 0, NULL);
INSERT INTO `Permissions` (`permissionId`, `name`, `endpoint`, `method`, `module`, `isDeleted`, `deletedAt`, `createdAt`, `updatedAt`) VALUES
(1, 'Register new account', '/api/auth/register', 'POST', 'Auth', 0, NULL, '2025-11-10 18:43:24', '2025-11-10 18:43:24'),
(2, 'Login to system', '/api/auth/login', 'POST', 'Auth', 0, NULL, '2025-11-10 18:43:24', '2025-11-10 18:43:24'),
(3, 'Refresh token', '/api/auth/refresh-token', 'POST', 'Auth', 0, NULL, '2025-11-10 18:43:24', '2025-11-10 18:43:24'),
(4, 'Get user info', '/api/auth/get-info', 'GET', 'Auth', 0, NULL, '2025-11-10 18:43:24', '2025-11-10 18:43:24'),
(5, 'Change user password', '/api/user/change-password', 'POST', 'User', 0, NULL, '2025-11-10 18:43:46', '2025-11-10 18:43:46'),
(6, 'Update user profile', '/api/user/update', 'PUT', 'User', 0, NULL, '2025-11-10 18:43:46', '2025-11-10 18:43:46'),
(7, 'Soft delete user', '/api/user/delete', 'DELETE', 'User', 0, NULL, '2025-11-10 18:43:46', '2025-11-10 18:43:46'),
(8, 'Restore deleted user', '/api/user/restore', 'POST', 'User', 0, NULL, '2025-11-10 18:43:46', '2025-11-10 18:43:46'),
(9, 'Upload user avatar', '/api/user/avatar', 'POST', 'User', 0, NULL, '2025-11-10 18:43:46', '2025-11-10 18:43:46'),
(10, 'Delete user avatar', '/api/user/avatar', 'DELETE', 'User', 0, NULL, '2025-11-10 18:43:46', '2025-11-10 18:43:46'),
(11, 'Get all users', '/api/user', 'GET', 'User', 0, NULL, '2025-11-10 18:43:46', '2025-11-10 18:43:46'),
(12, 'Get user by ID', '/api/user/{userId}', 'GET', 'User', 0, NULL, '2025-11-10 18:43:46', '2025-11-10 18:43:46'),
(13, 'Create role', '/api/role', 'POST', 'Role', 0, NULL, '2025-11-10 18:43:46', '2025-11-10 18:43:46'),
(14, 'Get all roles', '/api/role', 'GET', 'Role', 0, NULL, '2025-11-10 18:43:46', '2025-11-10 18:43:46'),
(15, 'Get role detail', '/api/role/{id}', 'GET', 'Role', 0, NULL, '2025-11-10 18:43:46', '2025-11-10 18:43:46'),
(16, 'Update role', '/api/role/{id}', 'PUT', 'Role', 0, NULL, '2025-11-10 18:43:46', '2025-11-10 18:43:46'),
(17, 'Soft delete role', '/api/role/{id}', 'DELETE', 'Role', 0, NULL, '2025-11-10 18:43:46', '2025-11-10 18:43:46'),
(18, 'Restore deleted role', '/api/role/{id}/restore', 'POST', 'Role', 0, NULL, '2025-11-10 18:43:46', '2025-11-10 18:43:46'),
(19, 'Assign permissions to role', '/api/role/assign-permissions', 'POST', 'Role', 0, NULL, '2025-11-10 18:43:46', '2025-11-10 18:43:46'),
(20, 'Create permission', '/api/permission', 'POST', 'Permission', 0, NULL, '2025-11-10 18:43:46', '2025-11-10 18:43:46'),
(21, 'Get all permissions', '/api/permission', 'GET', 'Permission', 0, NULL, '2025-11-10 18:43:46', '2025-11-10 18:43:46'),
(22, 'Get permission detail', '/api/permission/{id}', 'GET', 'Permission', 0, NULL, '2025-11-10 18:43:46', '2025-11-10 18:43:46'),
(23, 'Update permission', '/api/permission/{id}', 'PUT', 'Permission', 0, NULL, '2025-11-10 18:43:46', '2025-11-10 18:43:46'),
(24, 'Soft delete permission', '/api/permission/{id}', 'DELETE', 'Permission', 0, NULL, '2025-11-10 18:43:46', '2025-11-10 18:43:46'),
(25, 'Restore deleted permission', '/api/permission/{id}/restore', 'POST', 'Permission', 0, NULL, '2025-11-10 18:43:46', '2025-11-10 18:43:46'),
(26, 'Create cinema', '/api/cinema', 'POST', 'Cinema', 0, NULL, '2025-11-10 18:43:46', '2025-11-10 18:43:46'),
(27, 'Get all cinemas', '/api/cinema', 'GET', 'Cinema', 0, NULL, '2025-11-10 18:43:46', '2025-11-10 18:43:46'),
(28, 'Get cinema detail', '/api/cinema/{id}', 'GET', 'Cinema', 0, NULL, '2025-11-10 18:43:46', '2025-11-10 18:43:46'),
(29, 'Update cinema', '/api/cinema/{id}', 'PUT', 'Cinema', 0, NULL, '2025-11-10 18:43:46', '2025-11-10 18:43:46'),
(30, 'Soft delete cinema', '/api/cinema/{id}', 'DELETE', 'Cinema', 0, NULL, '2025-11-10 18:43:46', '2025-11-10 18:43:46'),
(31, 'Restore deleted cinema', '/api/cinema/{id}/restore', 'POST', 'Cinema', 0, NULL, '2025-11-10 18:43:46', '2025-11-10 18:43:46'),
(32, 'Create cinema brand', '/api/cinema-brands', 'POST', 'CinemaBrand', 0, NULL, '2025-11-10 18:43:46', '2025-11-10 18:43:46'),
(33, 'Get all cinema brands', '/api/cinema-brands', 'GET', 'CinemaBrand', 0, NULL, '2025-11-10 18:43:46', '2025-11-10 18:43:46'),
(34, 'Get cinema brand detail', '/api/cinema-brands/{id}', 'GET', 'CinemaBrand', 0, NULL, '2025-11-10 18:43:46', '2025-11-10 18:43:46'),
(35, 'Update cinema brand', '/api/cinema-brands/{id}', 'PUT', 'CinemaBrand', 0, NULL, '2025-11-10 18:43:46', '2025-11-10 18:43:46'),
(36, 'Soft delete cinema brand', '/api/cinema-brands/{id}', 'DELETE', 'CinemaBrand', 0, NULL, '2025-11-10 18:43:46', '2025-11-10 18:43:46'),
(37, 'Restore deleted cinema brand', '/api/cinema-brands/{id}/restore', 'POST', 'CinemaBrand', 0, NULL, '2025-11-10 18:43:46', '2025-11-10 18:43:46'),
(38, 'Create cinema area', '/api/cinema-areas', 'POST', 'CinemaArea', 0, NULL, '2025-11-10 18:43:46', '2025-11-10 18:43:46'),
(39, 'Get all cinema areas', '/api/cinema-areas', 'GET', 'CinemaArea', 0, NULL, '2025-11-10 18:43:46', '2025-11-10 18:43:46'),
(40, 'Get cinema area detail', '/api/cinema-areas/{id}', 'GET', 'CinemaArea', 0, NULL, '2025-11-10 18:43:46', '2025-11-10 18:43:46'),
(41, 'Update cinema area', '/api/cinema-areas/{id}', 'PUT', 'CinemaArea', 0, NULL, '2025-11-10 18:43:46', '2025-11-10 18:43:46'),
(42, 'Soft delete cinema area', '/api/cinema-areas/{id}', 'DELETE', 'CinemaArea', 0, NULL, '2025-11-10 18:43:46', '2025-11-10 18:43:46'),
(43, 'Restore deleted cinema area', '/api/cinema-areas/{id}/restore', 'POST', 'CinemaArea', 0, NULL, '2025-11-10 18:43:46', '2025-11-10 18:43:46'),
(44, 'Create room', '/api/room', 'POST', 'Room', 0, NULL, '2025-11-10 18:43:46', '2025-11-10 18:43:46'),
(45, 'Get all rooms', '/api/room', 'GET', 'Room', 0, NULL, '2025-11-10 18:43:46', '2025-11-10 18:43:46'),
(46, 'Get room detail', '/api/room/{id}', 'GET', 'Room', 0, NULL, '2025-11-10 18:43:46', '2025-11-10 18:43:46'),
(47, 'Update room', '/api/room/{id}', 'PUT', 'Room', 0, NULL, '2025-11-10 18:43:46', '2025-11-10 18:43:46'),
(48, 'Soft delete room', '/api/room/{id}', 'DELETE', 'Room', 0, NULL, '2025-11-10 18:43:46', '2025-11-10 18:43:46'),
(49, 'Restore deleted room', '/api/room/{id}/restore', 'POST', 'Room', 0, NULL, '2025-11-10 18:43:46', '2025-11-10 18:43:46'),
(50, 'Create screen technology', '/api/screen-tech', 'POST', 'ScreenTech', 0, NULL, '2025-11-10 18:43:46', '2025-11-10 18:43:46'),
(51, 'Get all screen technologies', '/api/screen-tech', 'GET', 'ScreenTech', 0, NULL, '2025-11-10 18:43:46', '2025-11-10 18:43:46'),
(52, 'Get screen technology detail', '/api/screen-tech/{id}', 'GET', 'ScreenTech', 0, NULL, '2025-11-10 18:43:46', '2025-11-10 18:43:46'),
(53, 'Update screen technology', '/api/screen-tech/{id}', 'PUT', 'ScreenTech', 0, NULL, '2025-11-10 18:43:46', '2025-11-10 18:43:46'),
(54, 'Soft delete screen technology', '/api/screen-tech/{id}', 'DELETE', 'ScreenTech', 0, NULL, '2025-11-10 18:43:46', '2025-11-10 18:43:46'),
(55, 'Restore deleted screen technology', '/api/screen-tech/{id}/restore', 'POST', 'ScreenTech', 0, NULL, '2025-11-10 18:43:46', '2025-11-10 18:43:46'),
(56, 'Create sound system', '/api/sound-system', 'POST', 'SoundSystem', 0, NULL, '2025-11-10 18:43:46', '2025-11-10 18:43:46'),
(57, 'Get all sound systems', '/api/sound-system', 'GET', 'SoundSystem', 0, NULL, '2025-11-10 18:43:46', '2025-11-10 18:43:46'),
(58, 'Get sound system detail', '/api/sound-system/{id}', 'GET', 'SoundSystem', 0, NULL, '2025-11-10 18:43:46', '2025-11-10 18:43:46'),
(59, 'Update sound system', '/api/sound-system/{id}', 'PUT', 'SoundSystem', 0, NULL, '2025-11-10 18:43:46', '2025-11-10 18:43:46'),
(60, 'Soft delete sound system', '/api/sound-system/{id}', 'DELETE', 'SoundSystem', 0, NULL, '2025-11-10 18:43:46', '2025-11-10 18:43:46'),
(61, 'Restore deleted sound system', '/api/sound-system/{id}/restore', 'POST', 'SoundSystem', 0, NULL, '2025-11-10 18:43:46', '2025-11-10 18:43:46'),
(62, 'Create seat type', '/api/seat-type', 'POST', 'SeatType', 0, NULL, '2025-11-10 18:43:46', '2025-11-10 18:43:46'),
(63, 'Get all seat types', '/api/seat-type', 'GET', 'SeatType', 0, NULL, '2025-11-10 18:43:46', '2025-11-10 18:43:46'),
(64, 'Get seat type detail', '/api/seat-type/{id}', 'GET', 'SeatType', 0, NULL, '2025-11-10 18:43:46', '2025-11-10 18:43:46'),
(65, 'Update seat type', '/api/seat-type/{id}', 'PUT', 'SeatType', 0, NULL, '2025-11-10 18:43:46', '2025-11-10 18:43:46'),
(66, 'Soft delete seat type', '/api/seat-type/{id}', 'DELETE', 'SeatType', 0, NULL, '2025-11-10 18:43:46', '2025-11-10 18:43:46'),
(67, 'Restore deleted seat type', '/api/seat-type/{id}/restore', 'POST', 'SeatType', 0, NULL, '2025-11-10 18:43:46', '2025-11-10 18:43:46'),
(68, 'Create seat', '/api/seat', 'POST', 'Seat', 0, NULL, '2025-11-10 18:43:46', '2025-11-10 18:43:46'),
(69, 'Get all seats', '/api/seat', 'GET', 'Seat', 0, NULL, '2025-11-10 18:43:46', '2025-11-10 18:43:46'),
(70, 'Get seat detail', '/api/seat/{id}', 'GET', 'Seat', 0, NULL, '2025-11-10 18:43:46', '2025-11-10 18:43:46'),
(71, 'Update seat', '/api/seat/{id}', 'PUT', 'Seat', 0, NULL, '2025-11-10 18:43:46', '2025-11-10 18:43:46'),
(72, 'Soft delete seat', '/api/seat/{id}', 'DELETE', 'Seat', 0, NULL, '2025-11-10 18:43:46', '2025-11-10 18:43:46'),
(73, 'Restore deleted seat', '/api/seat/{id}/restore', 'POST', 'Seat', 0, NULL, '2025-11-10 18:43:46', '2025-11-10 18:43:46'),
(74, 'Create movie', '/api/movie', 'POST', 'Movie', 0, NULL, '2025-11-10 18:43:46', '2025-11-10 18:43:46'),
(75, 'Get all movies', '/api/movie', 'GET', 'Movie', 0, NULL, '2025-11-10 18:43:46', '2025-11-10 18:43:46'),
(76, 'Get movie detail', '/api/movie/{id}', 'GET', 'Movie', 0, NULL, '2025-11-10 18:43:46', '2025-11-10 18:43:46'),
(77, 'Update movie', '/api/movie/{id}', 'PUT', 'Movie', 0, NULL, '2025-11-10 18:43:46', '2025-11-10 18:43:46'),
(78, 'Soft delete movie', '/api/movie/{id}', 'DELETE', 'Movie', 0, NULL, '2025-11-10 18:43:46', '2025-11-10 18:43:46'),
(79, 'Restore deleted movie', '/api/movie/{id}/restore', 'POST', 'Movie', 0, NULL, '2025-11-10 18:43:46', '2025-11-10 18:43:46'),
(80, 'Create movie format', '/api/movie-format', 'POST', 'MovieFormat', 0, NULL, '2025-11-10 18:43:46', '2025-11-10 18:43:46'),
(81, 'Get all movie formats', '/api/movie-format', 'GET', 'MovieFormat', 0, NULL, '2025-11-10 18:43:46', '2025-11-10 18:43:46'),
(82, 'Get movie format detail', '/api/movie-format/{id}', 'GET', 'MovieFormat', 0, NULL, '2025-11-10 18:43:46', '2025-11-10 18:43:46'),
(83, 'Update movie format', '/api/movie-format/{id}', 'PUT', 'MovieFormat', 0, NULL, '2025-11-10 18:43:46', '2025-11-10 18:43:46'),
(84, 'Soft delete movie format', '/api/movie-format/{id}', 'DELETE', 'MovieFormat', 0, NULL, '2025-11-10 18:43:46', '2025-11-10 18:43:46'),
(85, 'Restore deleted movie format', '/api/movie-format/{id}/restore', 'POST', 'MovieFormat', 0, NULL, '2025-11-10 18:43:46', '2025-11-10 18:43:46'),
(86, 'Create movie genre', '/api/movie-genre', 'POST', 'MovieGenre', 0, NULL, '2025-11-10 18:43:46', '2025-11-10 18:43:46'),
(87, 'Get all movie genres', '/api/movie-genre', 'GET', 'MovieGenre', 0, NULL, '2025-11-10 18:43:46', '2025-11-10 18:43:46'),
(88, 'Get movie genre detail', '/api/movie-genre/{id}', 'GET', 'MovieGenre', 0, NULL, '2025-11-10 18:43:46', '2025-11-10 18:43:46'),
(89, 'Update movie genre', '/api/movie-genre/{id}', 'PUT', 'MovieGenre', 0, NULL, '2025-11-10 18:43:46', '2025-11-10 18:43:46'),
(90, 'Soft delete movie genre', '/api/movie-genre/{id}', 'DELETE', 'MovieGenre', 0, NULL, '2025-11-10 18:43:46', '2025-11-10 18:43:46'),
(91, 'Restore deleted movie genre', '/api/movie-genre/{id}/restore', 'POST', 'MovieGenre', 0, NULL, '2025-11-10 18:43:46', '2025-11-10 18:43:46'),
(92, 'Create age limit', '/api/age-limit', 'POST', 'AgeLimit', 0, NULL, '2025-11-10 18:43:46', '2025-11-10 18:43:46'),
(93, 'Get all age limits', '/api/age-limit', 'GET', 'AgeLimit', 0, NULL, '2025-11-10 18:43:46', '2025-11-10 18:43:46'),
(94, 'Get age limit detail', '/api/age-limit/{id}', 'GET', 'AgeLimit', 0, NULL, '2025-11-10 18:43:46', '2025-11-10 18:43:46'),
(95, 'Update age limit', '/api/age-limit/{id}', 'PUT', 'AgeLimit', 0, NULL, '2025-11-10 18:43:46', '2025-11-10 18:43:46'),
(96, 'Soft delete age limit', '/api/age-limit/{id}', 'DELETE', 'AgeLimit', 0, NULL, '2025-11-10 18:43:46', '2025-11-10 18:43:46'),
(97, 'Restore deleted age limit', '/api/age-limit/{id}/restore', 'POST', 'AgeLimit', 0, NULL, '2025-11-10 18:43:46', '2025-11-10 18:43:46'),
(98, 'Create showtime', '/api/showtime', 'POST', 'Showtime', 0, NULL, '2025-11-10 18:43:46', '2025-11-10 18:43:46'),
(99, 'Get all showtimes', '/api/showtime', 'GET', 'Showtime', 0, NULL, '2025-11-10 18:43:46', '2025-11-10 18:43:46'),
(100, 'Get showtime detail', '/api/showtime/{id}', 'GET', 'Showtime', 0, NULL, '2025-11-10 18:43:46', '2025-11-10 18:43:46'),
(101, 'Update showtime', '/api/showtime/{id}', 'PUT', 'Showtime', 0, NULL, '2025-11-10 18:43:46', '2025-11-10 18:43:46'),
(102, 'Soft delete showtime', '/api/showtime/{id}', 'DELETE', 'Showtime', 0, NULL, '2025-11-10 18:43:46', '2025-11-10 18:43:46'),
(103, 'Restore deleted showtime', '/api/showtime/{id}/restore', 'POST', 'Showtime', 0, NULL, '2025-11-10 18:43:46', '2025-11-10 18:43:46'),
(104, 'Create booking', '/api/booking', 'POST', 'Booking', 0, NULL, '2025-11-10 18:43:46', '2025-11-10 18:43:46'),
(105, 'Get all bookings', '/api/booking', 'GET', 'Booking', 0, NULL, '2025-11-10 18:43:46', '2025-11-10 18:43:46'),
(106, 'Get booking detail', '/api/booking/{id}', 'GET', 'Booking', 0, NULL, '2025-11-10 18:43:46', '2025-11-10 18:43:46'),
(107, 'Cancel booking', '/api/booking/{id}', 'DELETE', 'Booking', 0, NULL, '2025-11-10 18:43:46', '2025-11-10 18:43:46'),
(108, 'Initiate payment', '/api/payment/initiate', 'POST', 'Payment', 0, NULL, '2025-11-10 18:43:46', '2025-11-10 18:43:46'),
(109, 'Payment callback', '/api/payment/callback', 'POST', 'Payment', 0, NULL, '2025-11-10 18:43:46', '2025-11-10 18:43:46'),
(110, 'Get payment status', '/api/payment/{bookingId}/status', 'GET', 'Payment', 0, NULL, '2025-11-10 18:43:46', '2025-11-10 18:43:46'),
(111, 'Rate a movie (1–10)', '/api/user-rating', 'POST', 'UserRating', 0, NULL, '2025-11-10 22:19:15', '2025-11-10 22:19:15'),
(112, 'Get all ratings of a movie', '/api/user-rating/movie/{movieId}', 'GET', 'UserRating', 0, NULL, '2025-11-10 22:19:15', '2025-11-10 22:19:15'),
(113, 'Get all movies a user has rated', '/api/user-rating/user/{userId}', 'GET', 'UserRating', 0, NULL, '2025-11-10 22:19:15', '2025-11-10 22:19:15'),
(114, 'Update user rating', '/api/user-rating/{id}', 'PUT', 'UserRating', 0, NULL, '2025-11-10 22:19:15', '2025-11-10 22:19:15'),
(115, 'Delete user rating', '/api/user-rating/{id}', 'DELETE', 'UserRating', 0, NULL, '2025-11-10 22:19:15', '2025-11-10 22:19:15');
INSERT INTO `RolePermission` (`id`, `roleId`, `permissionId`, `isActive`, `isDeleted`, `deletedAt`, `createdAt`, `updatedAt`) VALUES
(1, 1, 1, 1, 0, NULL, '2025-11-10 19:04:31', '2025-11-10 19:04:31'),
(2, 1, 2, 1, 0, NULL, '2025-11-10 19:04:31', '2025-11-10 19:04:31'),
(3, 1, 3, 1, 0, NULL, '2025-11-10 19:04:31', '2025-11-10 19:04:31'),
(4, 1, 4, 1, 0, NULL, '2025-11-10 19:04:31', '2025-11-10 19:04:31'),
(5, 1, 5, 1, 0, NULL, '2025-11-10 19:04:31', '2025-11-10 19:04:31'),
(6, 1, 6, 1, 0, NULL, '2025-11-10 19:04:31', '2025-11-10 19:04:31'),
(7, 1, 7, 1, 0, NULL, '2025-11-10 19:04:31', '2025-11-10 19:04:31'),
(8, 1, 8, 1, 0, NULL, '2025-11-10 19:04:31', '2025-11-10 19:04:31'),
(9, 1, 9, 1, 0, NULL, '2025-11-10 19:04:31', '2025-11-10 19:04:31'),
(10, 1, 10, 1, 0, NULL, '2025-11-10 19:04:31', '2025-11-10 19:04:31'),
(11, 1, 11, 1, 0, NULL, '2025-11-10 19:04:31', '2025-11-10 19:04:31'),
(12, 1, 12, 1, 0, NULL, '2025-11-10 19:04:31', '2025-11-10 19:04:31'),
(13, 1, 13, 1, 0, NULL, '2025-11-10 19:04:31', '2025-11-10 19:04:31'),
(14, 1, 14, 1, 0, NULL, '2025-11-10 19:04:31', '2025-11-10 19:04:31'),
(15, 1, 15, 1, 0, NULL, '2025-11-10 19:04:31', '2025-11-10 19:04:31'),
(16, 1, 16, 1, 0, NULL, '2025-11-10 19:04:31', '2025-11-10 19:04:31'),
(17, 1, 17, 1, 0, NULL, '2025-11-10 19:04:31', '2025-11-10 19:04:31'),
(18, 1, 18, 1, 0, NULL, '2025-11-10 19:04:31', '2025-11-10 19:04:31'),
(19, 1, 19, 1, 0, NULL, '2025-11-10 19:04:31', '2025-11-10 19:04:31'),
(20, 1, 20, 1, 0, NULL, '2025-11-10 19:04:31', '2025-11-10 19:04:31'),
(21, 1, 21, 1, 0, NULL, '2025-11-10 19:04:31', '2025-11-10 19:04:31'),
(22, 1, 22, 1, 0, NULL, '2025-11-10 19:04:31', '2025-11-10 19:04:31'),
(23, 1, 23, 1, 0, NULL, '2025-11-10 19:04:31', '2025-11-10 19:04:31'),
(24, 1, 24, 1, 0, NULL, '2025-11-10 19:04:31', '2025-11-10 19:04:31'),
(25, 1, 25, 1, 0, NULL, '2025-11-10 19:04:31', '2025-11-10 19:04:31'),
(26, 1, 26, 1, 0, NULL, '2025-11-10 19:04:31', '2025-11-10 19:04:31'),
(27, 1, 27, 1, 0, NULL, '2025-11-10 19:04:31', '2025-11-10 19:04:31'),
(28, 1, 28, 1, 0, NULL, '2025-11-10 19:04:31', '2025-11-10 19:04:31'),
(29, 1, 29, 1, 0, NULL, '2025-11-10 19:04:31', '2025-11-10 19:04:31'),
(30, 1, 30, 1, 0, NULL, '2025-11-10 19:04:31', '2025-11-10 19:04:31'),
(31, 1, 31, 1, 0, NULL, '2025-11-10 19:04:31', '2025-11-10 19:04:31'),
(32, 1, 32, 1, 0, NULL, '2025-11-10 19:04:31', '2025-11-10 19:04:31'),
(33, 1, 33, 1, 0, NULL, '2025-11-10 19:04:31', '2025-11-10 19:04:31'),
(34, 1, 34, 1, 0, NULL, '2025-11-10 19:04:31', '2025-11-10 19:04:31'),
(35, 1, 35, 1, 0, NULL, '2025-11-10 19:04:31', '2025-11-10 19:04:31'),
(36, 1, 36, 1, 0, NULL, '2025-11-10 19:04:31', '2025-11-10 19:04:31'),
(37, 1, 37, 1, 0, NULL, '2025-11-10 19:04:31', '2025-11-10 19:04:31'),
(38, 1, 38, 1, 0, NULL, '2025-11-10 19:04:31', '2025-11-10 19:04:31'),
(39, 1, 39, 1, 0, NULL, '2025-11-10 19:04:31', '2025-11-10 19:04:31'),
(40, 1, 40, 1, 0, NULL, '2025-11-10 19:04:31', '2025-11-10 19:04:31'),
(41, 1, 41, 1, 0, NULL, '2025-11-10 19:04:31', '2025-11-10 19:04:31'),
(42, 1, 42, 1, 0, NULL, '2025-11-10 19:04:31', '2025-11-10 19:04:31'),
(43, 1, 43, 1, 0, NULL, '2025-11-10 19:04:31', '2025-11-10 19:04:31'),
(44, 1, 44, 1, 0, NULL, '2025-11-10 19:04:31', '2025-11-10 19:04:31'),
(45, 1, 45, 1, 0, NULL, '2025-11-10 19:04:31', '2025-11-10 19:04:31'),
(46, 1, 46, 1, 0, NULL, '2025-11-10 19:04:31', '2025-11-10 19:04:31'),
(47, 1, 47, 1, 0, NULL, '2025-11-10 19:04:31', '2025-11-10 19:04:31'),
(48, 1, 48, 1, 0, NULL, '2025-11-10 19:04:31', '2025-11-10 19:04:31'),
(49, 1, 49, 1, 0, NULL, '2025-11-10 19:04:31', '2025-11-10 19:04:31'),
(50, 1, 50, 1, 0, NULL, '2025-11-10 19:04:31', '2025-11-10 19:04:31'),
(51, 1, 51, 1, 0, NULL, '2025-11-10 19:04:31', '2025-11-10 19:04:31'),
(52, 1, 52, 1, 0, NULL, '2025-11-10 19:04:31', '2025-11-10 19:04:31'),
(53, 1, 53, 1, 0, NULL, '2025-11-10 19:04:31', '2025-11-10 19:04:31'),
(54, 1, 54, 1, 0, NULL, '2025-11-10 19:04:31', '2025-11-10 19:04:31'),
(55, 1, 55, 1, 0, NULL, '2025-11-10 19:04:31', '2025-11-10 19:04:31'),
(56, 1, 56, 1, 0, NULL, '2025-11-10 19:04:31', '2025-11-10 19:04:31'),
(57, 1, 57, 1, 0, NULL, '2025-11-10 19:04:31', '2025-11-10 19:04:31'),
(58, 1, 58, 1, 0, NULL, '2025-11-10 19:04:31', '2025-11-10 19:04:31'),
(59, 1, 59, 1, 0, NULL, '2025-11-10 19:04:31', '2025-11-10 19:04:31'),
(60, 1, 60, 1, 0, NULL, '2025-11-10 19:04:31', '2025-11-10 19:04:31'),
(61, 1, 61, 1, 0, NULL, '2025-11-10 19:04:31', '2025-11-10 19:04:31'),
(62, 1, 62, 1, 0, NULL, '2025-11-10 19:04:31', '2025-11-10 19:04:31'),
(63, 1, 63, 1, 0, NULL, '2025-11-10 19:04:31', '2025-11-10 19:04:31'),
(64, 1, 64, 1, 0, NULL, '2025-11-10 19:04:31', '2025-11-10 19:04:31'),
(65, 1, 65, 1, 0, NULL, '2025-11-10 19:04:31', '2025-11-10 19:04:31'),
(66, 1, 66, 1, 0, NULL, '2025-11-10 19:04:31', '2025-11-10 19:04:31'),
(67, 1, 67, 1, 0, NULL, '2025-11-10 19:04:31', '2025-11-10 19:04:31'),
(68, 1, 68, 1, 0, NULL, '2025-11-10 19:04:31', '2025-11-10 19:04:31'),
(69, 1, 69, 1, 0, NULL, '2025-11-10 19:04:31', '2025-11-10 19:04:31'),
(70, 1, 70, 1, 0, NULL, '2025-11-10 19:04:31', '2025-11-10 19:04:31'),
(71, 1, 71, 1, 0, NULL, '2025-11-10 19:04:31', '2025-11-10 19:04:31'),
(72, 1, 72, 1, 0, NULL, '2025-11-10 19:04:31', '2025-11-10 19:04:31'),
(73, 1, 73, 1, 0, NULL, '2025-11-10 19:04:31', '2025-11-10 19:04:31'),
(74, 1, 74, 1, 0, NULL, '2025-11-10 19:04:31', '2025-11-10 19:04:31'),
(75, 1, 75, 1, 0, NULL, '2025-11-10 19:04:31', '2025-11-10 19:04:31'),
(76, 1, 76, 1, 0, NULL, '2025-11-10 19:04:31', '2025-11-10 19:04:31'),
(77, 1, 77, 1, 0, NULL, '2025-11-10 19:04:31', '2025-11-10 19:04:31'),
(78, 1, 78, 1, 0, NULL, '2025-11-10 19:04:31', '2025-11-10 19:04:31'),
(79, 1, 79, 1, 0, NULL, '2025-11-10 19:04:31', '2025-11-10 19:04:31'),
(80, 1, 80, 1, 0, NULL, '2025-11-10 19:04:31', '2025-11-10 19:04:31'),
(81, 1, 81, 1, 0, NULL, '2025-11-10 19:04:31', '2025-11-10 19:04:31'),
(82, 1, 82, 1, 0, NULL, '2025-11-10 19:04:31', '2025-11-10 19:04:31'),
(83, 1, 83, 1, 0, NULL, '2025-11-10 19:04:31', '2025-11-10 19:04:31'),
(84, 1, 84, 1, 0, NULL, '2025-11-10 19:04:31', '2025-11-10 19:04:31'),
(85, 1, 85, 1, 0, NULL, '2025-11-10 19:04:31', '2025-11-10 19:04:31'),
(86, 1, 86, 1, 0, NULL, '2025-11-10 19:04:31', '2025-11-10 19:04:31'),
(87, 1, 87, 1, 0, NULL, '2025-11-10 19:04:31', '2025-11-10 19:04:31'),
(88, 1, 88, 1, 0, NULL, '2025-11-10 19:04:31', '2025-11-10 19:04:31'),
(89, 1, 89, 1, 0, NULL, '2025-11-10 19:04:31', '2025-11-10 19:04:31'),
(90, 1, 90, 1, 0, NULL, '2025-11-10 19:04:31', '2025-11-10 19:04:31'),
(91, 1, 91, 1, 0, NULL, '2025-11-10 19:04:31', '2025-11-10 19:04:31'),
(92, 1, 92, 1, 0, NULL, '2025-11-10 19:04:31', '2025-11-10 19:04:31'),
(93, 1, 93, 1, 0, NULL, '2025-11-10 19:04:31', '2025-11-10 19:04:31'),
(94, 1, 94, 1, 0, NULL, '2025-11-10 19:04:31', '2025-11-10 19:04:31'),
(95, 1, 95, 1, 0, NULL, '2025-11-10 19:04:31', '2025-11-10 19:04:31'),
(96, 1, 96, 1, 0, NULL, '2025-11-10 19:04:31', '2025-11-10 19:04:31'),
(97, 1, 97, 1, 0, NULL, '2025-11-10 19:04:31', '2025-11-10 19:04:31'),
(98, 1, 98, 1, 0, NULL, '2025-11-10 19:04:31', '2025-11-10 19:04:31'),
(99, 1, 99, 1, 0, NULL, '2025-11-10 19:04:31', '2025-11-10 19:04:31'),
(100, 1, 100, 1, 0, NULL, '2025-11-10 19:04:31', '2025-11-10 19:04:31'),
(101, 1, 101, 1, 0, NULL, '2025-11-10 19:04:31', '2025-11-10 19:04:31'),
(102, 1, 102, 1, 0, NULL, '2025-11-10 19:04:31', '2025-11-10 19:04:31'),
(103, 1, 103, 1, 0, NULL, '2025-11-10 19:04:31', '2025-11-10 19:04:31'),
(104, 1, 104, 1, 0, NULL, '2025-11-10 19:04:31', '2025-11-10 19:04:31'),
(105, 1, 105, 1, 0, NULL, '2025-11-10 19:04:31', '2025-11-10 19:04:31'),
(106, 1, 106, 1, 0, NULL, '2025-11-10 19:04:31', '2025-11-10 19:04:31'),
(107, 1, 107, 1, 0, NULL, '2025-11-10 19:04:31', '2025-11-10 19:04:31'),
(108, 1, 108, 1, 0, NULL, '2025-11-10 19:04:31', '2025-11-10 19:04:31'),
(109, 1, 109, 1, 0, NULL, '2025-11-10 19:04:31', '2025-11-10 19:04:31'),
(110, 1, 110, 1, 0, NULL, '2025-11-10 19:04:31', '2025-11-10 19:04:31'),
(128, 2, 1, 1, 0, NULL, '2025-11-10 19:05:05', '2025-11-10 19:05:05'),
(129, 2, 2, 1, 0, NULL, '2025-11-10 19:05:05', '2025-11-10 19:05:05'),
(130, 2, 3, 1, 0, NULL, '2025-11-10 19:05:05', '2025-11-10 19:05:05'),
(131, 2, 4, 1, 0, NULL, '2025-11-10 19:05:05', '2025-11-10 19:05:05'),
(132, 2, 5, 1, 0, NULL, '2025-11-10 19:05:05', '2025-11-10 19:05:05'),
(133, 2, 6, 1, 0, NULL, '2025-11-10 19:05:05', '2025-11-10 19:05:05'),
(134, 2, 9, 1, 0, NULL, '2025-11-10 19:05:05', '2025-11-10 19:05:05'),
(135, 2, 10, 1, 0, NULL, '2025-11-10 19:05:05', '2025-11-10 19:05:05'),
(136, 2, 12, 1, 0, NULL, '2025-11-10 19:05:05', '2025-11-10 19:05:05'),
(137, 2, 27, 1, 0, NULL, '2025-11-10 19:05:05', '2025-11-10 19:05:05'),
(138, 2, 28, 1, 0, NULL, '2025-11-10 19:05:05', '2025-11-10 19:05:05'),
(139, 2, 33, 1, 0, NULL, '2025-11-10 19:05:05', '2025-11-10 19:05:05'),
(140, 2, 34, 1, 0, NULL, '2025-11-10 19:05:05', '2025-11-10 19:05:05'),
(141, 2, 39, 1, 0, NULL, '2025-11-10 19:05:05', '2025-11-10 19:05:05'),
(142, 2, 40, 1, 0, NULL, '2025-11-10 19:05:05', '2025-11-10 19:05:05'),
(143, 2, 45, 1, 0, NULL, '2025-11-10 19:05:05', '2025-11-10 19:05:05'),
(144, 2, 46, 1, 0, NULL, '2025-11-10 19:05:05', '2025-11-10 19:05:05'),
(145, 2, 51, 1, 0, NULL, '2025-11-10 19:05:05', '2025-11-10 19:05:05'),
(146, 2, 52, 1, 0, NULL, '2025-11-10 19:05:05', '2025-11-10 19:05:05'),
(147, 2, 57, 1, 0, NULL, '2025-11-10 19:05:05', '2025-11-10 19:05:05'),
(148, 2, 58, 1, 0, NULL, '2025-11-10 19:05:05', '2025-11-10 19:05:05'),
(149, 2, 63, 1, 0, NULL, '2025-11-10 19:05:05', '2025-11-10 19:05:05'),
(150, 2, 64, 1, 0, NULL, '2025-11-10 19:05:05', '2025-11-10 19:05:05'),
(151, 2, 69, 1, 0, NULL, '2025-11-10 19:05:05', '2025-11-10 19:05:05'),
(152, 2, 70, 1, 0, NULL, '2025-11-10 19:05:05', '2025-11-10 19:05:05'),
(153, 2, 75, 1, 0, NULL, '2025-11-10 19:05:05', '2025-11-10 19:05:05'),
(154, 2, 76, 1, 0, NULL, '2025-11-10 19:05:05', '2025-11-10 19:05:05'),
(155, 2, 81, 1, 0, NULL, '2025-11-10 19:05:05', '2025-11-10 19:05:05'),
(156, 2, 82, 1, 0, NULL, '2025-11-10 19:05:05', '2025-11-10 19:05:05'),
(157, 2, 87, 1, 0, NULL, '2025-11-10 19:05:05', '2025-11-10 19:05:05'),
(158, 2, 88, 1, 0, NULL, '2025-11-10 19:05:05', '2025-11-10 19:05:05'),
(159, 2, 93, 1, 0, NULL, '2025-11-10 19:05:05', '2025-11-10 19:05:05'),
(160, 2, 94, 1, 0, NULL, '2025-11-10 19:05:05', '2025-11-10 19:05:05'),
(161, 2, 99, 1, 0, NULL, '2025-11-10 19:05:05', '2025-11-10 19:05:05'),
(162, 2, 100, 1, 0, NULL, '2025-11-10 19:05:05', '2025-11-10 19:05:05'),
(163, 2, 104, 1, 0, NULL, '2025-11-10 19:05:05', '2025-11-10 19:05:05'),
(164, 2, 105, 1, 0, NULL, '2025-11-10 19:05:05', '2025-11-10 19:05:05'),
(165, 2, 106, 1, 0, NULL, '2025-11-10 19:05:05', '2025-11-10 19:05:05'),
(166, 2, 107, 1, 0, NULL, '2025-11-10 19:05:05', '2025-11-10 19:05:05'),
(167, 2, 108, 1, 0, NULL, '2025-11-10 19:05:05', '2025-11-10 19:05:05'),
(168, 2, 110, 1, 0, NULL, '2025-11-10 19:05:05', '2025-11-10 19:05:05'),
(169, 1, 111, 1, 0, NULL, '2025-11-10 22:20:55', '2025-11-10 22:20:55'),
(170, 1, 112, 1, 0, NULL, '2025-11-10 22:20:55', '2025-11-10 22:20:55'),
(171, 1, 113, 1, 0, NULL, '2025-11-10 22:20:55', '2025-11-10 22:20:55'),
(172, 1, 114, 1, 0, NULL, '2025-11-10 22:20:55', '2025-11-10 22:20:55'),
(173, 1, 115, 1, 0, NULL, '2025-11-10 22:20:55', '2025-11-10 22:20:55'),
(174, 2, 111, 1, 0, NULL, '2025-11-10 22:20:55', '2025-11-10 22:20:55'),
(175, 2, 112, 1, 0, NULL, '2025-11-10 22:20:55', '2025-11-10 22:20:55'),
(176, 2, 113, 1, 0, NULL, '2025-11-10 22:20:55', '2025-11-10 22:20:55'),
(177, 2, 114, 1, 0, NULL, '2025-11-10 22:33:22', '2025-11-10 22:33:22'),
(178, 2, 115, 1, 0, NULL, '2025-11-10 22:33:30', '2025-11-10 22:33:30');
INSERT INTO `Roles` (`roleId`, `roleName`, `description`, `isActive`, `isDeleted`, `deletedAt`, `createdAt`, `updatedAt`) VALUES
(1, 'ADMIN', 'Quản trị viên', 1, 0, NULL, '2025-11-05 08:40:17', '2025-11-05 08:40:17'),
(2, 'USER', 'Người dùng', 1, 0, NULL, '2025-11-05 08:40:17', '2025-11-05 09:14:45'),
(3, 'STAFF', 'Nhân Viên', 1, 0, NULL, '2025-11-05 11:59:28', '2025-11-05 19:15:11'),
(4, 'MANAGER', 'Quản Lý', 1, 0, NULL, '2025-11-05 11:59:28', '2025-11-05 19:54:36'),
(5, 'STAFF', 'Nhân Viên', 1, 0, NULL, '2025-11-05 19:00:38', '2025-11-05 19:00:38');
INSERT INTO `Rooms` (`roomId`, `roomName`, `totalSeat`, `screenId`, `soundId`, `createdAt`, `updatedAt`, `isDeleted`, `deletedAt`) VALUES
(1, 'Phòng chiếu 01', 120, 1, 1, '2025-11-10 20:14:38', '2025-11-10 20:16:13', 0, NULL),
(2, 'Phòng chiếu 02', 110, 2, 2, '2025-11-10 20:14:38', '2025-11-10 20:16:13', 0, NULL),
(3, 'Phòng chiếu 03', 100, 3, 4, '2025-11-10 20:14:38', '2025-11-10 20:16:13', 0, NULL),
(4, 'Phòng chiếu 04', 90, 4, 6, '2025-11-10 20:14:38', '2025-11-10 20:16:13', 0, NULL),
(5, 'Phòng chiếu 05', 85, 5, 3, '2025-11-10 20:14:38', '2025-11-10 20:16:13', 0, NULL),
(6, 'Phòng chiếu 06', 72, 6, 2, '2025-11-10 20:14:38', '2025-11-10 20:16:13', 0, NULL),
(7, 'Phòng chiếu 07', 80, 7, 6, '2025-11-10 20:14:38', '2025-11-10 20:16:13', 0, NULL),
(8, 'Phòng chiếu 08', 180, 8, 5, '2025-11-10 20:14:38', '2025-11-10 20:16:13', 0, NULL),
(9, 'Phòng chiếu 09', 95, 3, 1, '2025-11-10 20:14:38', '2025-11-10 20:16:13', 0, NULL),
(10, 'Phòng chiếu 10', 100, 2, 4, '2025-11-10 20:14:38', '2025-11-10 20:16:13', 0, NULL);
INSERT INTO `ScreenTechs` (`screenId`, `screenName`, `description`, `multiplier`, `createdAt`, `updatedAt`, `isDeleted`, `deletedAt`) VALUES
(1, '2D Digital', 'Chiếu phim cơ bản', '1.00', '2025-11-05 11:59:28', '2025-11-06 17:23:13', 0, NULL),
(2, '3D Digital', 'Phim 3D thông thường', '1.10', '2025-11-05 11:59:28', '2025-11-06 17:23:13', 0, NULL),
(3, 'Laser Projection (2D/3D)', 'Máy chiếu laser cao cấp', '1.15', '2025-11-05 11:59:28', '2025-11-06 17:23:13', 0, NULL),
(4, 'LED Cinema (Onyx)', 'Màn hình LED HDR', '1.25', '2025-11-05 11:59:28', '2025-11-06 17:23:13', 0, NULL),
(5, 'ScreenX', 'Màn hình 270°, hình ảnh mở rộng', '1.30', '2025-11-06 17:10:01', '2025-11-06 17:23:13', 0, NULL),
(6, '4DX', 'Hiệu ứng gió, nước, chuyển động', '1.40', '2025-11-06 17:10:01', '2025-11-06 17:23:13', 0, NULL),
(7, 'Dolby Cinema', 'HDR + Atmos, hình ảnh đỉnh cao', '1.50', '2025-11-06 17:10:01', '2025-11-06 17:23:13', 0, NULL),
(8, 'IMAX', 'Màn hình siêu lớn, cong, bao trùm', '1.60', '2025-11-06 17:10:01', '2025-11-06 20:05:41', 0, NULL),
(10, 'Test', 'Màn hình 2D', '1.50', '2025-11-06 17:44:57', '2025-11-10 19:20:29', 1, '2025-11-06 17:46:41');
INSERT INTO `Seats` (`seatId`, `seatName`, `rowLabel`, `columnIndex`, `seatTypeId`, `createdAt`, `updatedAt`, `isDeleted`, `deletedAt`) VALUES
(1, 'A1', 'A', 1, 1, '2025-11-10 20:06:26', '2025-11-10 20:06:26', 0, NULL),
(2, 'A2', 'A', 2, 1, '2025-11-10 20:06:26', '2025-11-10 20:06:26', 0, NULL),
(3, 'A3', 'A', 3, 1, '2025-11-10 20:06:26', '2025-11-10 20:06:26', 0, NULL),
(4, 'A4', 'A', 4, 1, '2025-11-10 20:06:26', '2025-11-10 20:06:26', 0, NULL),
(5, 'A5', 'A', 5, 1, '2025-11-10 20:06:26', '2025-11-10 20:06:26', 0, NULL),
(6, 'B1', 'B', 1, 1, '2025-11-10 20:06:26', '2025-11-10 20:06:26', 0, NULL),
(7, 'B2', 'B', 2, 2, '2025-11-10 20:06:26', '2025-11-10 20:06:26', 0, NULL),
(8, 'B3', 'B', 3, 2, '2025-11-10 20:06:26', '2025-11-10 20:06:26', 0, NULL),
(9, 'B4', 'B', 4, 1, '2025-11-10 20:06:26', '2025-11-10 20:06:26', 0, NULL),
(10, 'B5', 'B', 5, 1, '2025-11-10 20:06:26', '2025-11-10 20:06:26', 0, NULL),
(11, 'C1', 'C', 1, 2, '2025-11-10 20:06:26', '2025-11-10 20:06:26', 0, NULL),
(12, 'C2', 'C', 2, 4, '2025-11-10 20:06:26', '2025-11-10 20:06:26', 0, NULL),
(13, 'C3', 'C', 3, 4, '2025-11-10 20:06:26', '2025-11-10 20:06:26', 0, NULL),
(14, 'C4', 'C', 4, 2, '2025-11-10 20:06:26', '2025-11-10 20:06:26', 0, NULL),
(15, 'C5', 'C', 5, 2, '2025-11-10 20:06:26', '2025-11-10 20:06:26', 0, NULL),
(16, 'D1', 'D', 1, 5, '2025-11-10 20:06:26', '2025-11-10 20:06:26', 0, NULL),
(17, 'D2', 'D', 2, 6, '2025-11-10 20:06:26', '2025-11-10 20:06:26', 0, NULL),
(18, 'D3', 'D', 3, 6, '2025-11-10 20:06:26', '2025-11-10 20:06:26', 0, NULL),
(19, 'D4', 'D', 4, 5, '2025-11-10 20:06:26', '2025-11-10 20:06:26', 0, NULL),
(20, 'D5', 'D', 5, 5, '2025-11-10 20:06:26', '2025-11-10 20:06:26', 0, NULL),
(21, 'E1', 'E', 1, 3, '2025-11-10 20:06:26', '2025-11-10 20:06:26', 0, NULL),
(22, 'E2', 'E', 2, 3, '2025-11-10 20:06:26', '2025-11-10 20:06:26', 0, NULL),
(23, 'E3', 'E', 3, 3, '2025-11-10 20:06:26', '2025-11-10 20:06:26', 0, NULL),
(24, 'E4', 'E', 4, 3, '2025-11-10 20:06:26', '2025-11-10 20:06:26', 0, NULL),
(25, 'E5', 'E', 5, 3, '2025-11-10 20:06:26', '2025-11-10 20:06:26', 0, NULL);
INSERT INTO `SeatTypes` (`seatTypeId`, `seatTypeName`, `multiplier`, `createdAt`, `updatedAt`, `isDeleted`, `deletedAt`) VALUES
(1, 'Ghế Thường', '1.00', '2025-11-10 20:06:17', '2025-11-10 20:06:17', 0, NULL),
(2, 'Ghế VIP', '1.20', '2025-11-10 20:06:17', '2025-11-10 20:06:17', 0, NULL),
(3, 'Ghế Sweetbox', '1.60', '2025-11-10 20:06:17', '2025-11-10 20:07:10', 0, NULL),
(4, 'Ghế Premium', '1.80', '2025-11-10 20:06:17', '2025-11-10 20:06:17', 0, NULL),
(5, 'Ghế IMAX Zone', '2.00', '2025-11-10 20:06:17', '2025-11-10 20:06:17', 0, NULL),
(6, 'Ghế 4DX Motion', '2.50', '2025-11-10 20:06:17', '2025-11-10 20:06:17', 0, NULL);
INSERT INTO `Showtimes` (`showtimeId`, `movieId`, `formatId`, `cinemaId`, `roomId`, `basePrice`, `showDate`, `showTimeStart`, `showTimeEnd`, `durationMinutes`, `createdAt`, `updatedAt`, `isDeleted`, `deletedAt`) VALUES
(1, 1, 6, 1, 8, 180000, '2025-11-11', '10:00', '12:55', 175, '2025-11-10 20:22:34', '2025-11-10 20:22:34', 0, NULL),
(2, 2, 2, 5, 1, 95000, '2025-11-11', '13:00', '14:45', 105, '2025-11-10 20:22:34', '2025-11-10 20:22:34', 0, NULL),
(3, 3, 10, 4, 7, 160000, '2025-11-11', '15:30', '18:10', 160, '2025-11-10 20:22:34', '2025-11-10 20:22:34', 0, NULL),
(4, 4, 3, 2, 2, 120000, '2025-11-11', '20:00', '22:10', 130, '2025-11-10 20:22:34', '2025-11-10 20:22:34', 0, NULL),
(5, 6, 1, 6, 3, 90000, '2025-11-11', '18:00', '19:50', 110, '2025-11-10 20:22:34', '2025-11-10 20:22:34', 0, NULL),
(6, 7, 7, 7, 6, 175000, '2025-11-11', '19:30', '21:50', 140, '2025-11-10 20:22:34', '2025-11-10 20:22:34', 0, NULL),
(7, 8, 5, 3, 9, 130000, '2025-11-11', '20:00', '22:45', 165, '2025-11-10 20:22:34', '2025-11-10 20:22:34', 0, NULL),
(8, 9, 2, 9, 1, 85000, '2025-11-11', '10:15', '12:00', 105, '2025-11-10 20:22:34', '2025-11-10 20:22:34', 0, NULL),
(9, 10, 3, 10, 10, 110000, '2025-11-11', '21:00', '23:10', 130, '2025-11-10 20:22:34', '2025-11-10 20:22:34', 0, NULL),
(10, 5, 9, 8, 5, 140000, '2025-11-11', '16:00', '18:00', 120, '2025-11-10 20:22:34', '2025-11-10 20:22:34', 0, NULL),
(11, 2, 5, 6, 4, 167000, '2025-11-27', '18:00', '22:00', 240, '2025-11-11 17:37:54', '2025-11-11 17:44:12', 0, NULL);
INSERT INTO `SoundSystems` (`soundId`, `soundName`, `description`, `multiplier`, `createdAt`, `updatedAt`, `isDeleted`, `deletedAt`) VALUES
(1, 'Dolby Surround 5.1', 'Channel-Based', '1.00', '2025-11-05 11:59:28', '2025-11-06 17:27:59', 0, NULL),
(2, 'Dolby Surround 7.1', 'Channel-Based', '1.05', '2025-11-05 11:59:28', '2025-11-06 17:27:59', 0, NULL),
(3, 'Auro 11.1', 'Layer-Based', '1.10', '2025-11-05 11:59:28', '2025-11-06 17:27:59', 0, NULL),
(4, 'DTS:X', '3D Object-Based', '1.15', '2025-11-06 17:11:49', '2025-11-06 17:27:59', 0, NULL),
(5, 'IMAX 12-Channel', '12 kênh độc quyền', '1.20', '2025-11-06 17:11:49', '2025-11-06 17:27:59', 0, NULL),
(6, 'Dolby Atmos', '3D Object-Based', '1.25', '2025-11-06 17:11:49', '2025-11-06 17:27:59', 0, NULL),
(7, 'Test', '3D Object', '1.70', '2025-11-06 18:28:03', '2025-11-10 19:22:12', 1, '2025-11-06 18:46:54'),
(8, 'Doby', 'Doby', '1.00', '2025-11-06 18:35:21', '2025-11-06 18:36:40', 1, '2025-11-06 18:36:40'),
(9, 'Atmos', '3D Object-Based', '1.50', '2025-11-06 18:53:54', '2025-11-06 20:00:03', 0, NULL);
INSERT INTO `UserRatings` (`ratingId`, `userId`, `movieId`, `rating`, `comment`, `createdAt`, `updatedAt`) VALUES
(1, 4, 1, 9, 'Sau khi xem lại thì thấy phim rất cảm động.', '2025-11-10 23:36:39', '2025-11-11 00:11:59'),
(2, 4, 2, 10, 'Phim rất hay!', '2025-11-10 23:36:58', '2025-11-10 23:36:58'),
(3, 9, 1, 9, 'Phim rất hay!', '2025-11-10 23:40:21', '2025-11-10 23:40:21'),
(4, 9, 2, 7, 'Phim rất tạm tạm!', '2025-11-10 23:44:14', '2025-11-10 23:44:14'),
(6, 4, 7, 8, 'Phim rất hay!', '2025-11-11 17:57:32', '2025-11-11 17:57:32'),
(7, 1, 7, 6, 'Phim rất tam!', '2025-11-11 18:00:40', '2025-11-11 18:00:40');
INSERT INTO `Users` (`userId`, `fullName`, `email`, `phoneNumber`, `password`, `avatar`, `googleId`, `roleId`, `createdAt`, `updatedAt`, `isDeleted`, `deletedAt`) VALUES
(1, 'Admin', 'admin@gmail.com', '0123456789', '$2b$10$CUL30Yxq1Vlnjxs02CyCZefpz9sTfcOKAJXdKmllIaDhoNu1paXTW', NULL, NULL, 1, '2025-11-05 09:33:04', '2025-11-10 23:54:37', 0, NULL),
(2, 'Admin User', 'adminuser@example.com', NULL, 'adminuser', NULL, NULL, 1, '2025-11-05 11:59:28', '2025-11-10 23:52:33', 0, NULL),
(3, 'Regular User', 'user@example.com', NULL, 'password', NULL, NULL, 2, '2025-11-05 11:59:28', '2025-11-10 23:52:39', 0, NULL),
(4, 'Bắp', 'bap@gmail.com', '0909123458', '$2b$10$sADxrLMQIyF0tfiZMTmEZ.KoZ/j.QH/Y3cb.T0j27VMWyfq6t.n76', 'movie/avatars/dus3mshi7whgjalarsto', NULL, 2, '2025-11-05 12:07:41', '2025-11-08 09:42:41', 0, NULL),
(5, 'Nguyễn Văn B', 'exampleb@gmail.com', '0909123456', '$2b$10$1uUkLXPtO4V4XHc3mMLRFu7Wz4cEFiaoukHhWkViehQFJX9GCjGEW', NULL, NULL, 2, '2025-11-05 19:24:45', '2025-11-10 23:51:21', 0, NULL),
(6, 'Nguyễn Văn C', 'examplec@gmail.com', '0909123456', '$2b$10$.PUFT/wqyeQylvqjIEU5re0QJFWFApQ11IL4xdCp.bzvSO7UrB1fC', NULL, NULL, 2, '2025-11-05 19:25:25', '2025-11-05 19:25:25', 0, NULL),
(7, 'Nguyễn Văn D', 'exampled@gmail.com', '0909123457', '$2b$10$XoyLAqm22T3MB4KSOSva1O7Rn9IKfZffYBdZzJ7MEJ7MgfHF.bfeq', NULL, NULL, 2, '2025-11-05 19:26:09', '2025-11-05 19:26:09', 0, NULL),
(8, 'Nguyễn Văn E', 'examplee@gmail.com', NULL, '$2b$10$ZwWGnWCpEByPqfN/84AMFuciNz1gfjual8kiIp60khbjB/OKdiw3i', NULL, NULL, 2, '2025-11-05 19:26:50', '2025-11-05 19:26:50', 0, NULL),
(9, 'Huỳnh An Thạch', 'huynhanthach@gmail.com', '0145687835', '$2b$10$NVqY8imDldZgw998gZ2ageHTsG13BU81EK.vhUnzrVxGVY2oAg8PO', NULL, NULL, 2, '2025-11-10 06:13:34', '2025-11-10 19:12:45', 0, NULL),
(10, 'Test', 'test@gmail.com', NULL, '$2b$10$yWcwzEVUEszSRHL1kH85ROy8YiW4otM51NM6XgwWQlNYNmqUfvpru', NULL, NULL, 2, '2025-11-11 13:00:19', '2025-11-11 13:00:19', 0, NULL),
(11, 'User Test', 'user@gmail.com', NULL, '$2b$10$/6wnkJjimUQ6h/0yTiiDSuNwQ0b1mcnyvTODlQRnim4uSzivPHFG6', NULL, NULL, 2, '2025-11-11 13:07:38', '2025-11-11 13:07:38', 0, NULL),
(12, 'Testttttt', 'test123@gmail.com', NULL, '$2b$10$14KfEKMaWWou9UhrubbwQe/DZi7mt2GIqA2aTH5VZs26Mbxz5GaMu', 'movie/avatars/ltarsqvxrra5qnodahsg', NULL, 2, '2025-11-11 17:11:16', '2025-11-11 17:15:08', 1, '2025-11-11 17:15:08');


/*!40101 SET SQL_MODE=@OLD_SQL_MODE */;
/*!40014 SET FOREIGN_KEY_CHECKS=@OLD_FOREIGN_KEY_CHECKS */;
/*!40014 SET UNIQUE_CHECKS=@OLD_UNIQUE_CHECKS */;
/*!40101 SET CHARACTER_SET_CLIENT=@OLD_CHARACTER_SET_CLIENT */;
/*!40101 SET CHARACTER_SET_RESULTS=@OLD_CHARACTER_SET_RESULTS */;
/*!40101 SET COLLATION_CONNECTION=@OLD_COLLATION_CONNECTION */;
/*!40111 SET SQL_NOTES=@OLD_SQL_NOTES */;